,Id,Temperature (K),Pressure (kPa),Phase,N Components,Component 1,Role 1,Mole Fraction 1,Exact Amount 1,Component 2,Role 2,Mole Fraction 2,Exact Amount 2,SolvationFreeEnergy Value (kJ / mol),SolvationFreeEnergy Uncertainty (kJ / mol),Source
0,265c7378309c4355aa01d60af70d3fca,298.15,101.325,Liquid,2,O,Solvent,1.0,,CCCCCC(=O)OC,Solute,,1,-10.418160000000002,2.5104,10.1021/ct050097l
1,f89c43a7ef684aca89df924b29c487b1,298.15,101.325,Liquid,2,O,Solvent,1.0,,CCCCO,Solute,,1,-19.74848,2.5104,10.1021/ct050097l
2,198b886769694cc39828af5af498fd24,298.15,101.325,Liquid,2,O,Solvent,1.0,,Clc1ccc(-c2cc(Cl)c(Cl)c(Cl)c2Cl)cc1Cl,Solute,,1,-12.71936,0.4184,10.1007/s10822-012-9568-8
3,6cdf0d7abd354d8284ffe115d4c0ef33,298.15,101.325,Liquid,2,O,Solvent,1.0,,NC1CCCCC1,Solute,,1,-19.20456,2.5104,10.1021/ct050097l
4,e3e4778832a240eba754b5d4d010d21d,298.15,101.325,Liquid,2,O,Solvent,1.0,,O=COc1ccccc1,Solute,,1,-15.98288,2.5104,10.5281/zenodo.596537
5,a0c0672628d74756ac1205bef752c43c,298.15,101.325,Liquid,2,O,Solvent,1.0,,CCC(=O)OC,Solute,,1,-12.25912,2.5104,10.1021/ct050097l
6,d848fbc2181b41efb66185c890e2da6d,298.15,101.325,Liquid,2,O,Solvent,1.0,,Clc1cccc(Cl)c1,Solute,,1,-4.10032,2.5104,10.1021/ct050097l
7,8d8a892e456a47a0b591ec71ea4d4c44,298.15,101.325,Liquid,2,O,Solvent,1.0,,CCI,Solute,,1,-3.09616,2.5104,10.1021/ct050097l
8,e36bfdbbf23441a8a8f45eda7cc3c5d4,298.15,101.325,Liquid,2,O,Solvent,1.0,,CC(C)CC(C)(C)C,Solute,,1,12.09176,2.5104,10.1021/ct050097l
9,7d2a69582b09493ebd1085e5fc9b6a9f,298.15,101.325,Liquid,2,O,Solvent,1.0,,CCOCC,Solute,,1,-6.65256,2.5104,10.1021/ct050097l
10,5d131ae22ede4779bdaf96bbf88f141b,298.15,101.325,Liquid,2,O,Solvent,1.0,,C=C(C)[C@@H]1CC[C@@H](C)C(=O)C1,Solute,,1,-15.69,0.87864,10.5281/zenodo.596537
11,06044667291443f694e85d4fb97f9bca,298.15,101.325,Liquid,2,O,Solvent,1.0,,Oc1ccccc1Cl,Solute,,1,-19.0372,2.5104,10.1021/ct050097l
12,e3427d4f59fd43199d0a01091cad48a2,298.15,101.325,Liquid,2,O,Solvent,1.0,,CSc1ccccc1,Solute,,1,-11.42232,2.5104,10.1021/ct050097l
13,28db2938ed244607978170399d790238,298.15,101.325,Liquid,2,O,Solvent,1.0,,CCCI,Solute,,1,-2.2175200000000004,2.5104,10.1021/ct050097l
14,480a1058a6fb41869b6e4f420fa90a5d,298.15,101.325,Liquid,2,O,Solvent,1.0,,CC(C)Cl,Solute,,1,-1.046,2.5104,10.1021/ct050097l
15,59be1706e1cd4450b2e16f7c33108e1b,298.15,101.325,Liquid,2,O,Solvent,1.0,,CCCCC[N+](=O)[O-],Solute,,1,-11.79888,2.5104,10.1021/ct050097l
16,7276bc1ff41e48d78ce55c649b27f83c,298.15,101.325,Liquid,2,O,Solvent,1.0,,OC1CCCCCC1,Solute,,1,-22.928320000000003,2.5104,10.1021/ct050097l
17,6e11899ef4574560a343a1fa780e0c64,298.15,101.325,Liquid,2,O,Solvent,1.0,,CC(C)(C)C,Solute,,1,10.50184,2.5104,10.1021/ct050097l
18,ed8c7de1da5045de97a897d07323372a,298.15,101.325,Liquid,2,O,Solvent,1.0,,ClC(Cl)(Cl)C(Cl)(Cl)Cl,Solute,,1,-2.67776,0.4184,10.1007/s10822-010-9350-8
19,4bcc1cb0ed4b4e97bb157ea9056605aa,298.15,101.325,Liquid,2,O,Solvent,1.0,,CCCCOCCCC,Solute,,1,-3.47272,2.5104,10.1021/ct050097l
20,c25dcd43df6c4701a07b4bf8faa07f65,298.15,101.325,Liquid,2,O,Solvent,1.0,,CCOP(=O)(OCC)OCC,Solute,,1,-31.380000000000003,0.8368000000000001,10.1039/P29900000291
21,01569114884d42ae879cb19167f894cd,298.15,101.325,Liquid,2,O,Solvent,1.0,,ClCC(Cl)Cl,Solute,,1,-8.32616,2.5104,10.1021/ct050097l
22,317a3cdd60d6410188504e57397dd5e8,298.15,101.325,Liquid,2,O,Solvent,1.0,,COC(=O)c1ccc([N+](=O)[O-])cc1,Solute,,1,-28.78592,2.5104,10.1139/v92-210
23,bedffc268b0a4e96a14ae93da641a831,298.15,101.325,Liquid,2,O,Solvent,1.0,,CCCCN(CC)C(=O)SCCC,Solute,,1,-15.22976,8.07512,10.1021/jp806724u
24,8a889aca96ba4a42830e65e4a074595d,298.15,101.325,Liquid,2,O,Solvent,1.0,,Cc1cncc(C)c1,Solute,,1,-20.25056,2.5104,10.1021/ct050097l
25,8e6f5265f19e460bbb547afea355e1b0,298.15,101.325,Liquid,2,O,Solvent,1.0,,O=[N+]([O-])c1c(Cl)c(Cl)c(Cl)c(Cl)c1Cl,Solute,,1,-21.84048,1.046,10.1007/s10822-010-9350-8
26,a36371c657484909842db33180a63758,298.15,101.325,Liquid,2,O,Solvent,1.0,,O=C1[C@@H]2CC=CC[C@H]2C(=O)N1SC(Cl)(Cl)Cl,Solute,,1,-37.69784,8.07512,10.1021/jp806724u
27,28013e4b85ec4785bdc118cbc7e865a9,298.15,101.325,Liquid,2,O,Solvent,1.0,,Cc1cccc(C)c1,Solute,,1,-3.47272,2.5104,10.1021/ct050097l
28,b40278debcb74a0c8b643b594a9cf2ac,298.15,101.325,Liquid,2,O,Solvent,1.0,,Cc1ccc(C(C)C)cc1,Solute,,1,-2.8451200000000005,2.5104,10.1021/ct050097l
29,340e2a3f7d4e48f18acc306ca2435fcc,298.15,101.325,Liquid,2,O,Solvent,1.0,,Clc1cc2c(cc1Cl)Oc1ccccc1O2,Solute,,1,-14.895040000000002,4.184,10.1007/s10822-012-9568-8
30,197e296c9b3846d6b968c09598bd0861,298.15,101.325,Liquid,2,O,Solvent,1.0,,CCCCCCCC(C)=O,Solute,,1,-10.418160000000002,2.5104,10.1021/ct050097l
31,c1cb711784804fdfb0d47c333d8ad685,298.15,101.325,Liquid,2,O,Solvent,1.0,,Cc1ccncc1,Solute,,1,-20.62712,2.5104,10.1021/ct050097l
32,28d328b12c8f43dcaa685940d5315b4d,298.15,101.325,Liquid,2,O,Solvent,1.0,,C[C@H](C(=O)O)c1ccc(-c2ccccc2)c(F)c1,Solute,,1,-35.22928,0.66944,10.1007/s10822-010-9350-8
33,bf87118bd3a84d6db8f94be4d9a0c223,298.15,101.325,Liquid,2,O,Solvent,1.0,,CCCCS,Solute,,1,-4.1421600000000005,2.5104,10.1021/ct050097l
34,ec505ef6190f4cbbbed0e053abd3cc97,298.15,101.325,Liquid,2,O,Solvent,1.0,,Cc1cccc(O)c1C,Solute,,1,-25.77344,2.5104,10.1021/ct050097l
35,02cf535b01724c6fa23b693439600d40,298.15,101.325,Liquid,2,O,Solvent,1.0,,CCCCCC(=O)OCC,Solute,,1,-9.33032,2.5104,10.1021/ct050097l
36,2c401a9d16a14ef7ae9424d268fab569,298.15,101.325,Liquid,2,O,Solvent,1.0,,CC(C)OC(C)C,Solute,,1,-2.2175200000000004,2.5104,10.1021/ct050097l
37,154fb7b58df04881918fc336022bdfb8,298.15,101.325,Liquid,2,O,Solvent,1.0,,CO,Solute,,1,-21.3384,2.5104,10.1021/ct050097l
38,4c44cd86f0bf4deea9bd068b635d9331,298.15,101.325,Liquid,2,O,Solvent,1.0,,CC(C)(C)O,Solute,,1,-18.70248,2.5104,10.1021/ct050097l
39,fbbefde79714438398b49494dddf85ad,298.15,101.325,Liquid,2,O,Solvent,1.0,,C1COCCN1,Solute,,1,-29.99928,2.5104,10.1021/ct050097l
40,ac0da929a5e64912942d25d4f57f383b,298.15,101.325,Liquid,2,O,Solvent,1.0,,C=CCC,Solute,,1,5.77392,2.5104,10.1021/ct050097l
41,aa5a4d8d41e44076ad526a4c053a7a4a,298.15,101.325,Liquid,2,O,Solvent,1.0,,C#CCCCC,Solute,,1,1.21336,2.5104,10.1021/ct050097l
42,a2abf1bf2dc24d978e4916005080a1b1,298.15,101.325,Liquid,2,O,Solvent,1.0,,CS(C)(=O)=O,Solute,,1,-42.17472,2.5104,10.5281/zenodo.596537
43,d5bc28510011498daea97245bb6c5674,298.15,101.325,Liquid,2,O,Solvent,1.0,,COC=O,Solute,,1,-11.63152,2.5104,10.1021/ct050097l
44,4312f92588de4997b705363fa8df970c,298.15,101.325,Liquid,2,O,Solvent,1.0,,CCCC(=O)OCC,Solute,,1,-10.418160000000002,2.5104,10.1021/ct050097l
45,88267f4628144e6aa3edd7cf50104aab,298.15,101.325,Liquid,2,O,Solvent,1.0,,FC1(F)C(F)(F)C(F)(F)C1(F)F,Solute,,1,14.351120000000002,0.12552,10.1007/s10822-010-9350-8
46,06c4735a25254369b1999079687e3c42,298.15,101.325,Liquid,2,O,Solvent,1.0,,NC(=O)c1ccccc1,Solute,,1,-46.024,0.8368000000000001,10.1039/P29900000291
47,717d05a43ac945fb86696fb3e64d279c,298.15,101.325,Liquid,2,O,Solvent,1.0,,c1ccc2c(c1)Oc1ccccc1O2,Solute,,1,-13.1796,0.4184,10.1007/s10822-012-9568-8
48,129ca7ce017d478c9251387c46c504ed,298.15,101.325,Liquid,2,O,Solvent,1.0,,Oc1ccc(Br)cc1,Solute,,1,-24.4764,3.47272,10.1039/J29710000533 + 10.1007/BF00646936
49,c7ec1714bd5f4fd2b0ceca7e753b8905,298.15,101.325,Liquid,2,O,Solvent,1.0,,CCCCCC(=O)O,Solute,,1,-25.98264,2.5104,10.1021/ct050097l
50,89c7bf2fc3264b41ab1384d9eeb86215,298.15,101.325,Liquid,2,O,Solvent,1.0,,CCOC(=O)CCC(=O)OCC,Solute,,1,-23.89064,2.5104,10.1139/v91-2
51,c97dfb5e6b8d400f925d67235f6775cd,298.15,101.325,Liquid,2,O,Solvent,1.0,,Cc1cccc(C)c1O,Solute,,1,-22.00784,2.5104,10.1021/ct050097l
52,eed841e86ed24ecdaf45fa6b8cc4af66,298.15,101.325,Liquid,2,O,Solvent,1.0,,Cc1ccccc1Cl,Solute,,1,-4.76976,2.5104,10.1021/ct050097l
53,0c09a86f2a0a49abb3148a8d9ff7df59,298.15,101.325,Liquid,2,O,Solvent,1.0,,COP(=S)(OC)SCn1nnc2ccccc2c1=O,Solute,,1,-41.96552,5.732080000000001,10.1021/jp806724u
54,cdf92417fb89458cb39bd1775839ee8f,298.15,101.325,Liquid,2,O,Solvent,1.0,,COC(=O)C(C)(C)C,Solute,,1,-10.0416,2.5104,10.1021/ct050097l
55,d2e219c6ac624f2b9a5797abd271bd3e,298.15,101.325,Liquid,2,O,Solvent,1.0,,BrCCBr,Solute,,1,-9.74872,2.5104,10.1021/ct050097l
56,034c77cd880e444daf5e5808eb8fc987,298.15,101.325,Liquid,2,O,Solvent,1.0,,CCS,Solute,,1,-4.76976,2.5104,10.1021/ct050097l
57,b0f31d64389543c58d7858cc278ec866,298.15,101.325,Liquid,2,O,Solvent,1.0,,CCC(C)C,Solute,,1,9.95792,2.5104,10.1021/ct050097l
58,e5120829aee442b9a76719ac0523cf97,298.15,101.325,Liquid,2,O,Solvent,1.0,,Cc1c[nH]c2ccccc12,Solute,,1,-24.60192,2.5104,10.1021/bi00507a030
59,4046e907505b49c3bfdc41cf35d76bd1,298.15,101.325,Liquid,2,O,Solvent,1.0,,CCCCCC=O,Solute,,1,-11.75704,2.5104,10.1021/ct050097l
60,51bc5856d15446219a1dcdc45e90ad2a,298.15,101.325,Liquid,2,O,Solvent,1.0,,FC(F)(Cl)C(F)(Cl)Cl,Solute,,1,7.40568,2.5104,10.1021/ct050097l
61,7d2b30e9b5e445998e6f99afebe98f87,298.15,101.325,Liquid,2,O,Solvent,1.0,,CCOP(=S)(OCC)SCSc1ccc(Cl)cc1,Solute,,1,-27.196,3.47272,10.1021/jp806724u
62,bba69969f6f145eba0a87597f1631730,298.15,101.325,Liquid,2,O,Solvent,1.0,,Clc1cc(Cl)c(Cl)c(Cl)c1,Solute,,1,-6.778080000000001,2.5104,10.1021/ct050097l
63,3ca43bb072df4026a8bbcd6508344bd6,298.15,101.325,Liquid,2,O,Solvent,1.0,,ClCCCl,Solute,,1,-7.48936,2.5104,10.1021/ct050097l
64,144760508e794d28842ac2bc9120b8ca,298.15,101.325,Liquid,2,O,Solvent,1.0,,OCCc1ccccc1,Solute,,1,-28.40936,2.5104,10.1021/ct050097l
65,00e7f6b6c6cb470b910b86fb6807673d,298.15,101.325,Liquid,2,O,Solvent,1.0,,CCCS,Solute,,1,-4.6024,0.8368000000000001,10.1039/P29900000291
66,90c1b2cf0c6a437eb4650dfa9b661b8b,298.15,101.325,Liquid,2,O,Solvent,1.0,,Cc1ccccc1,Solute,,1,-3.7656,0.8368000000000001,10.1039/P29900000291
67,1240eebfb8024231bc965e3c5bd7a9c2,298.15,101.325,Liquid,2,O,Solvent,1.0,,CCC(=O)CC,Solute,,1,-14.26744,0.8368000000000001,10.1039/P29900000291
68,5c1dc57227bf41a6a0744cc0077fe838,298.15,101.325,Liquid,2,O,Solvent,1.0,,CCCC(C)=O,Solute,,1,-14.72768,2.5104,10.1021/ct050097l
69,d0fcdfb1d7c94f1ea60b03da1210615b,298.15,101.325,Liquid,2,O,Solvent,1.0,,ClCC(Cl)(Cl)Cl,Solute,,1,-5.98312,0.4184,10.1007/s10822-012-9568-8
70,3ee8a42a00a44f009f4868ccd1c2b2a0,298.15,101.325,Liquid,2,O,Solvent,1.0,,CCCCCCCl,Solute,,1,0.0,2.5104,10.1021/ct050097l
71,fba3e0dada134165bf1e779edb2e47f1,298.15,101.325,Liquid,2,O,Solvent,1.0,,O[C@@H]1[C@@H](O)[C@@H](O)OC[C@H]1O,Solute,,1,-85.85568,1.12968,10.1007/s10822-010-9350-8
72,27b3da955a174e75b075350e20111170,298.15,101.325,Liquid,2,O,Solvent,1.0,,C=C(C)CCC,Solute,,1,6.15048,2.5104,10.1021/ct050097l
73,236b6013acbd4c92b21f22331e51337c,298.15,101.325,Liquid,2,O,Solvent,1.0,,CC[C@H](C)O,Solute,,1,-19.33008,2.5104,10.1021/ct050097l
74,496a9d6b6b954f7598650752d5b8913b,298.15,101.325,Liquid,2,O,Solvent,1.0,,BrCc1ccccc1,Solute,,1,-9.95792,0.8368000000000001,10.5281/zenodo.596537
75,bc542b075e2a4ac79e78514a18f79306,298.15,101.325,Liquid,2,O,Solvent,1.0,,COP(=S)(OC)Oc1ccc([N+](=O)[O-])cc1,Solute,,1,-30.082960000000003,0.4184,10.1021/jp806724u
76,365ff35f02e649ff960c6d5bf8645c78,298.15,101.325,Liquid,2,O,Solvent,1.0,,CCCC,Solute,,1,8.7864,0.8368000000000001,10.1039/P29900000291
77,b67c9fc7db0046819b9af8e02b43a46f,298.15,101.325,Liquid,2,O,Solvent,1.0,,S,Solute,,1,-2.9288,2.5104,10.1021/ct050097l
78,ce8fe5cc51ca477baab98c3e8b906a23,298.15,101.325,Liquid,2,O,Solvent,1.0,,CC[C@H](C)n1c(=O)[nH]c(C)c(Br)c1=O,Solute,,1,-40.71032,8.07512,10.1021/jp806724u
79,b29c526d8aa1460c8bd2a2c993935c06,298.15,101.325,Liquid,2,O,Solvent,1.0,,CN(C)CCOC(c1ccccc1)c1ccccc1,Solute,,1,-39.07856,2.59408,10.5281/zenodo.596537
80,11cf7c43f45a46dd90bdc06dd67a7826,298.15,101.325,Liquid,2,O,Solvent,1.0,,C[N+](=O)[O-],Solute,,1,-16.819679999999998,2.5104,10.1021/ct050097l
81,d3b0cc39461042538d60d65e763b01d4,298.15,101.325,Liquid,2,O,Solvent,1.0,,CNC(C)=O,Solute,,1,-41.84,2.5104,10.1021/ct050097l
82,cdc1ac205c4e4e5ea69ab89589191fa4,298.15,101.325,Liquid,2,O,Solvent,1.0,,CC=O,Solute,,1,-14.644,2.5104,10.1021/ct050097l
83,bf796e62c44541138360b5ac39a91850,298.15,101.325,Liquid,2,O,Solvent,1.0,,CC(=O)C1CC1,Solute,,1,-19.28824,2.5104,10.1021/ct050097l
84,9e91a2d9618a45b283a47ce18865c72c,298.15,101.325,Liquid,2,O,Solvent,1.0,,CCCCCCCCC=O,Solute,,1,-8.660879999999999,2.5104,10.1021/ct050097l
85,d4638f7a2db045b5a045367607cb7b8e,298.15,101.325,Liquid,2,O,Solvent,1.0,,CCCCl,Solute,,1,-1.3807200000000002,2.5104,10.1021/ct050097l
86,1f0a41070ae64e478cc3b56c7b252eba,298.15,101.325,Liquid,2,O,Solvent,1.0,,Cc1cc(C)cc(C)c1,Solute,,1,-3.7656,2.5104,10.1021/ct050097l
87,0c8b4d59a6af4925b021a913db14f136,298.15,101.325,Liquid,2,O,Solvent,1.0,,c1ccc(-c2ccccc2)cc1,Solute,,1,-11.2968,0.8368000000000001,10.1039/P29900000291
88,bdf71a2cfaba43c9a64d1ce5eaf6ea86,298.15,101.325,Liquid,2,O,Solvent,1.0,,CC,Solute,,1,7.656720000000001,2.5104,10.1021/ct050097l
89,6f08fa23693f49228b049951d3dfd91c,298.15,101.325,Liquid,2,O,Solvent,1.0,,FC(F)O[C@H](Cl)C(F)(F)F,Solute,,1,0.4184,2.5104,10.1021/ct050097l
90,1bcd9c0ddbeb45959da58140b1ad5297,298.15,101.325,Liquid,2,O,Solvent,1.0,,CC(=O)C1CCCCC1,Solute,,1,-16.3176,2.5104,10.1021/ct050097l
91,71e544964304430b89d15387c541673f,298.15,101.325,Liquid,2,O,Solvent,1.0,,CCSC,Solute,,1,-6.276,0.8368000000000001,10.1039/P29900000291
92,ae502692d3084e2b9708cfc6e1bc6bdc,298.15,101.325,Liquid,2,O,Solvent,1.0,,Oc1ccccc1,Solute,,1,-27.6144,0.8368000000000001,10.1039/P29900000291
93,e6d74dd4ccde43cfbb67df24637aa38d,298.15,101.325,Liquid,2,O,Solvent,1.0,,CCC,Solute,,1,8.368,0.8368000000000001,10.1039/P29900000291
94,8ad985c49cdd49c79e4db6e97b6875a8,298.15,101.325,Liquid,2,O,Solvent,1.0,,CC(C)Cc1ccc([C@H](C)C(=O)O)cc1,Solute,,1,-29.288,2.67776,10.1007/s10822-010-9350-8
95,04dca32b9a1a4748ba2beb9892e3a2f1,298.15,101.325,Liquid,2,O,Solvent,1.0,,C[C@H](C(=O)O)c1cccc(C(=O)c2ccccc2)c1,Solute,,1,-45.10352,0.75312,10.1007/s10822-010-9350-8
96,0cc3732bc61f4331883f8df3c965db8b,298.15,101.325,Liquid,2,O,Solvent,1.0,,CC(C)I,Solute,,1,-1.92464,2.5104,10.1021/ct050097l
97,017adf3f86594ff7bbcc547cfbc2b258,298.15,101.325,Liquid,2,O,Solvent,1.0,,N#Cc1ccc(O)cc1,Solute,,1,-42.55128,2.5104,10.1021/ct050097l
98,f0843814bf324c238a216fe7ce3b8e88,298.15,101.325,Liquid,2,O,Solvent,1.0,,CCc1ccccc1O,Solute,,1,-23.68144,0.4184,10.5281/zenodo.596537
99,5238d4c56db0435595efc8ba5038317c,298.15,101.325,Liquid,2,O,Solvent,1.0,,C=CC(C)C,Solute,,1,7.656720000000001,2.5104,10.1021/jp0264477
100,459644602132483c9298b463c2591eaf,298.15,101.325,Liquid,2,O,Solvent,1.0,,C=O,Solute,,1,-11.506,2.5104,10.1021/ct050097l
101,e0f274866848413fa4bdab4d3908ee70,298.15,101.325,Liquid,2,O,Solvent,1.0,,CCCCCCl,Solute,,1,-0.4184,0.8368000000000001,10.1039/P29900000291
102,8ba34ee2789d4968be8bd34a89077715,298.15,101.325,Liquid,2,O,Solvent,1.0,,CC[C@H](C)c1ccccc1,Solute,,1,-1.8828,2.5104,10.1021/ct050097l
103,34e8825926ea4a0f979d609f9864d83b,298.15,101.325,Liquid,2,O,Solvent,1.0,,CCCCCCCCCC,Solute,,1,13.22144,2.5104,10.1021/ct050097l
104,c093194af23a479fa70890cd00f88921,298.15,101.325,Liquid,2,O,Solvent,1.0,,CCCl,Solute,,1,-2.63592,2.5104,10.1021/ct050097l
105,4db4656cd29241fcb5c1ea603c8bba5e,298.15,101.325,Liquid,2,O,Solvent,1.0,,CCC(C)CC,Solute,,1,10.50184,2.5104,10.1021/ct050097l
106,e869dca37d114dc7800624988fd955c7,298.15,101.325,Liquid,2,O,Solvent,1.0,,CC(C)CO,Solute,,1,-18.828,2.5104,10.1021/ct050097l
107,052f34b0b78a44968538f4df0a88bb64,298.15,101.325,Liquid,2,O,Solvent,1.0,,c1cc2c3c(cccc3c1)CC2,Solute,,1,-13.1796,2.5104,10.1021/ct050097l
108,3a7c8ccb230d42468c37da3b2ed28e04,298.15,101.325,Liquid,2,O,Solvent,1.0,,COc1ccc2cc([C@H](C)C(=O)O)ccc2c1,Solute,,1,-42.71864000000001,0.75312,10.1007/s10822-010-9350-8
109,85b755661d95422ca807a932a63aac47,298.15,101.325,Liquid,2,O,Solvent,1.0,,COC(OC)OC,Solute,,1,-18.49328,2.5104,10.1039/F19736901577
110,8511dd2590bd40e28d8034644ad17063,298.15,101.325,Liquid,2,O,Solvent,1.0,,CCOC=O,Solute,,1,-10.71104,2.5104,10.1021/ct050097l
111,10d8933bd6e14b0f9d24880f660fcd5f,298.15,101.325,Liquid,2,O,Solvent,1.0,,COC(=O)c1ccc(O)cc1,Solute,,1,-39.78984,1.08784,10.1007/s10822-010-9350-8
112,29f76ea4af014e76bc3152af7d89bd06,298.15,101.325,Liquid,2,O,Solvent,1.0,,CCO,Solute,,1,-20.92,2.5104,10.1021/ct050097l
113,0fdbc3f32de94a7f9c69398fcada3238,298.15,101.325,Liquid,2,O,Solvent,1.0,,O=C1c2ccccc2C(=O)c2c(NCCO)cccc21,Solute,,1,-59.454640000000005,4.6024,10.5281/zenodo.596537
114,1dbceafc95fc41d3a04ac544f446b1b4,298.15,101.325,Liquid,2,O,Solvent,1.0,,CCCCCC1CCCC1,Solute,,1,10.6692,2.5104,10.1021/ct050097l
115,ef9beb1c12b24eeb9b7bbefdea925108,298.15,101.325,Liquid,2,O,Solvent,1.0,,CCCCC(=O)OC,Solute,,1,-10.71104,2.5104,10.1021/ct050097l
116,e16d47bd5b68488189d4b0cf8fe16ce5,298.15,101.325,Liquid,2,O,Solvent,1.0,,CCc1cccc(O)c1,Solute,,1,-26.15,2.5104,10.1021/ct050097l
117,78aed3b145284bf89372d5b5d8cded89,298.15,101.325,Liquid,2,O,Solvent,1.0,,CCCCOC(C)=O,Solute,,1,-11.04576,2.5104,10.1021/ct050097l
118,85ba764d6ae5440e96164bac97f20155,298.15,101.325,Liquid,2,O,Solvent,1.0,,Cc1ccncc1C,Solute,,1,-21.84048,2.5104,10.1021/ct050097l
119,62373632a9464c86a63f4e8c63dbba64,298.15,101.325,Liquid,2,O,Solvent,1.0,,CCCC(=O)CCC,Solute,,1,-12.21728,2.5104,10.1021/ct050097l
120,53b103b6b26346c597ff856a9c77d079,298.15,101.325,Liquid,2,O,Solvent,1.0,,CCOC(=O)CC(=O)OCC,Solute,,1,-25.104,2.5104,10.1139/v91-2
121,d66dee8b95fd45b9876795a9f39b81f4,298.15,101.325,Liquid,2,O,Solvent,1.0,,CCN,Solute,,1,-18.828,2.5104,10.1021/ct050097l
122,30e041be3a3647ac84943e1ed73a32a1,298.15,101.325,Liquid,2,O,Solvent,1.0,,CCCOC,Solute,,1,-6.94544,2.5104,10.1021/ct050097l
123,63457a548a7e49d3b0f3deccbc5e845f,298.15,101.325,Liquid,2,O,Solvent,1.0,,Nc1ccc(N)c2c1C(=O)c1ccccc1C2=O,Solute,,1,-49.5804,1.4644,10.5281/zenodo.596537
124,9066d37afe784308966df30ffc5b636e,298.15,101.325,Liquid,2,O,Solvent,1.0,,N#Cc1ccccc1,Solute,,1,-17.1544,2.5104,10.1039/P29940001777
125,dc2a066164134f09a16e64ed00d79769,298.15,101.325,Liquid,2,O,Solvent,1.0,,COc1cccc(O)c1,Solute,,1,-32.049440000000004,2.5104,10.1021/ct050097l
126,fee28076afcf488f9c34438798d532a0,298.15,101.325,Liquid,2,O,Solvent,1.0,,O=[N+]([O-])C(Cl)(Cl)Cl,Solute,,1,-6.0668,0.4184,10.1021/jp806724u
127,d37d3f1d76d648a699c55ed1ef94aaea,298.15,101.325,Liquid,2,O,Solvent,1.0,,ClCc1ccccc1,Solute,,1,-8.07512,0.8368000000000001,10.5281/zenodo.596537
128,caf780eec2074541a57b92ef4a05973a,298.15,101.325,Liquid,2,O,Solvent,1.0,,CCCCC(C)=O,Solute,,1,-13.72352,2.5104,10.1021/ct050097l
129,57be70d2b8174fce817275a88ad20a8c,298.15,101.325,Liquid,2,O,Solvent,1.0,,Clc1ccccc1Cl,Solute,,1,-5.690240000000001,2.5104,10.1021/ct050097l
130,95ad2a44a35e4419b751b85f86c4668f,298.15,101.325,Liquid,2,O,Solvent,1.0,,ClC(Cl)C(Cl)(Cl)Cl,Solute,,1,-5.14632,0.4184,10.1007/s10822-012-9568-8
131,c6704fe6b423405c9d929cb819c35771,298.15,101.325,Liquid,2,O,Solvent,1.0,,C=C(Cl)Cl,Solute,,1,1.046,2.5104,10.1021/ct050097l
132,faa0dbfc3e814e589e2535900bed4005,298.15,101.325,Liquid,2,O,Solvent,1.0,,CCCN(CC1CC1)c1c([N+](=O)[O-])cc(C(F)(F)F)cc1[N+](=O)[O-],Solute,,1,-10.250800000000002,5.732080000000001,10.1021/jp806724u
133,4abb0f1554894df6bf7d1ac31e98a0ac,298.15,101.325,Liquid,2,O,Solvent,1.0,,CCCCCCCBr,Solute,,1,1.4225600000000005,2.5104,10.1021/ct050097l
134,cfa6ad08416d4ef692d1820aa616f356,298.15,101.325,Liquid,2,O,Solvent,1.0,,CCOP(=S)(OCC)S[C@@H](CCl)N1C(=O)c2ccccc2C1=O,Solute,,1,-24.016160000000003,8.07512,10.1021/jp806724u
135,c868e80ba8ca4d888d5c5ed63e8c6f63,298.15,101.325,Liquid,2,O,Solvent,1.0,,Nc1cnn(-c2ccccc2)c(=O)c1Cl,Solute,,1,-68.74312,8.07512,10.1021/jp806724u
136,5a34545affac4107848fa5e70da847c4,298.15,101.325,Liquid,2,O,Solvent,1.0,,CCCC(C)(C)C,Solute,,1,12.04992,2.5104,10.1021/ct050097l
137,fd7605d92107408f863e370aa479f974,298.15,101.325,Liquid,2,O,Solvent,1.0,,c1cc2ccc3cccc4ccc(c1)c2c34,Solute,,1,-18.91168,2.5104,10.1021/ct050097l
138,7b1f145e82e74a2da7f982056c789f07,298.15,101.325,Liquid,2,O,Solvent,1.0,,CCCCCCOC(C)=O,Solute,,1,-9.45584,2.5104,10.1021/ct050097l
139,c64e8e80b32c4c739c8f30bb8e05dadd,298.15,101.325,Liquid,2,O,Solvent,1.0,,CCC(C)(C)CC,Solute,,1,10.71104,2.5104,10.1021/ct050097l
140,e9b794b7af704ee38f5122dfc6b70e4a,298.15,101.325,Liquid,2,O,Solvent,1.0,,COc1ccccc1OC,Solute,,1,-22.30072,0.4184,10.5281/zenodo.596537
141,b780c7c21d50427c975603ca37237f69,298.15,101.325,Liquid,2,O,Solvent,1.0,,O=[N+]([O-])OCCCO[N+](=O)[O-],Solute,,1,-20.0832,1.63176,10.5281/zenodo.596537
142,20a18e6900264a2cb19bf3800c7ec5c8,298.15,101.325,Liquid,2,O,Solvent,1.0,,Cc1ccc(C(=O)N(C)C)cc1,Solute,,1,-40.83584,0.8368000000000001,10.5281/zenodo.596537
143,7ec9fff4a95449e68cde5f388aed2b74,298.15,101.325,Liquid,2,O,Solvent,1.0,,N#Cc1cccc(O)c1,Solute,,1,-40.375600000000006,2.5104,10.1021/ct050097l
144,02dc797d7f5344148099dbfde32c08bb,298.15,101.325,Liquid,2,O,Solvent,1.0,,Clc1cc(Cl)cc(Cl)c1,Solute,,1,-3.26352,2.5104,10.1021/ct050097l
145,14778d03131b4d538199838d2a9d098b,298.15,101.325,Liquid,2,O,Solvent,1.0,,C1CCCCC1,Solute,,1,5.14632,2.5104,10.1021/ct050097l
146,11ba9b70e6a045169317913d3fd60114,298.15,101.325,Liquid,2,O,Solvent,1.0,,CC(C)Cc1cnccn1,Solute,,1,-21.08736,2.5104,10.1021/ct050097l
147,ca67fb9aedb74d56b76e0f9aa29f1504,298.15,101.325,Liquid,2,O,Solvent,1.0,,CCCN(CCC)c1c([N+](=O)[O-])cc(S(C)(=O)=O)cc1[N+](=O)[O-],Solute,,1,-33.38832,8.07512,10.1021/jp806724u
148,2b24678890e8478488e1ad5d9ae83986,298.15,101.325,Liquid,2,O,Solvent,1.0,,CC(=O)N1CCCC1,Solute,,1,-41.00320000000001,2.5104,10.1021/ct050097l
149,a0923337c8d64521a9feaf867596f493,298.15,101.325,Liquid,2,O,Solvent,1.0,,O=c1[nH]cc(I)c(=O)[nH]1,Solute,,1,-78.32448,2.67776,10.1007/s10822-010-9350-8
150,724c1c84af1d46819e417a18707e4355,298.15,101.325,Liquid,2,O,Solvent,1.0,,O=[N+]([O-])c1ccc(O)cc1,Solute,,1,-44.51776,2.5104,10.1021/ct050097l
151,485a6a03feaf459598716d00d96599eb,298.15,101.325,Liquid,2,O,Solvent,1.0,,CCOc1ccccc1,Solute,,1,-9.288480000000002,2.5104,10.1021/ct050097l
152,bef9f2ee58134967bbbb8841974b415a,298.15,101.325,Liquid,2,O,Solvent,1.0,,CN1CCNCC1,Solute,,1,-32.50968,2.5104,10.1021/ct050097l
153,201c1b6d45e740fbbb348c93dd3354b9,298.15,101.325,Liquid,2,O,Solvent,1.0,,O=C1NC(=O)c2ccccc21,Solute,,1,-40.20824,2.092,10.1007/s10822-010-9350-8
154,1f16d5654d5d40c29dcb674fe20b1de0,298.15,101.325,Liquid,2,O,Solvent,1.0,,C1CC1,Solute,,1,3.138,2.5104,10.1021/ct050097l
155,cc58fbcf09ec4f99a4de859a83e61690,298.15,101.325,Liquid,2,O,Solvent,1.0,,Clc1cccnc1,Solute,,1,-16.77784,2.5104,10.1021/ct050097l
156,983b3e6a97b34a92a297ce40071f52c1,298.15,101.325,Liquid,2,O,Solvent,1.0,,CCC/C=C/C=O,Solute,,1,-15.39712,2.5104,10.1021/jf60178a004 + 10.1016/S1387-3806(02)00927-2
157,6b52ceba581b44aea2b497d63d71a415,298.15,101.325,Liquid,2,O,Solvent,1.0,,CCCCBr,Solute,,1,-1.6736000000000002,2.5104,10.1021/ct050097l
158,5a80e11d01fb466ab62f2e8f0e2d2ec9,298.15,101.325,Liquid,2,O,Solvent,1.0,,c1ccc2ccccc2c1,Solute,,1,-10.0416,2.5104,10.1021/ct050097l
159,53c331a7a4c44cbd91d272065cada78e,298.15,101.325,Liquid,2,O,Solvent,1.0,,c1cc[nH]c1,Solute,,1,-19.99952,2.5104,10.1021/ct050097l
160,602da77df8af499a8a94107e59ab573d,298.15,101.325,Liquid,2,O,Solvent,1.0,,Clc1ccc2c(c1)Oc1cc(Cl)c(Cl)c(Cl)c1O2,Solute,,1,-16.06656,4.184,10.1007/s10822-012-9568-8
161,78b07cc065484b41b359b6328ba083be,298.15,101.325,Liquid,2,O,Solvent,1.0,,Clc1cc2c(cc1Cl)Oc1cc(Cl)c(Cl)cc1O2,Solute,,1,-14.10008,4.184,10.1007/s10822-012-9568-8
162,11a5aa3208024b9781dcadaead663487,298.15,101.325,Liquid,2,O,Solvent,1.0,,O=Cc1ccccc1O,Solute,,1,-19.58112,0.4184,10.5281/zenodo.596537
163,83c6e10f88714a54b5ec75b5b60e92f7,298.15,101.325,Liquid,2,O,Solvent,1.0,,C=Cc1ccccc1,Solute,,1,-5.18816,2.5104,10.1021/ct050097l
164,4f9507025a36439da5cd42008d3a1d3e,298.15,101.325,Liquid,2,O,Solvent,1.0,,CCC[C@@H](C)O,Solute,,1,-18.36776,2.5104,10.1021/ct050097l
165,3cf4a0b5ff3a49e4954ea0158e99ac24,298.15,101.325,Liquid,2,O,Solvent,1.0,,CC(C)CO[N+](=O)[O-],Solute,,1,-7.86592,0.4184,10.1021/jp806724u
166,3556fd95518e4eda8362c4b36128ae35,298.15,101.325,Liquid,2,O,Solvent,1.0,,CC(=O)Oc1ccccc1C(=O)O,Solute,,1,-41.58896,0.75312,10.1007/s10822-010-9350-8
167,51e1816dfbc34e078dbac114989e1793,298.15,101.325,Liquid,2,O,Solvent,1.0,,CCc1ccc(O)cc1,Solute,,1,-25.64792,2.5104,10.1021/ct050097l
168,0976d793a55d49f0b5cb9ed04ecb609b,298.15,101.325,Liquid,2,O,Solvent,1.0,,Cc1ccc(O)cc1,Solute,,1,-25.64792,2.5104,10.1021/ct050097l
169,7f320eadf86e4be3833eaf68ae19a936,298.15,101.325,Liquid,2,O,Solvent,1.0,,CC(C)CC(=O)O,Solute,,1,-25.48056,2.5104,10.1021/ct050097l
170,8493655bd8184da5823419ff3c5b005d,298.15,101.325,Liquid,2,O,Solvent,1.0,,CCCNCCC,Solute,,1,-15.2716,2.5104,10.1021/ct050097l
171,041bf2fbb30248a9acaac12b13e99dbb,298.15,101.325,Liquid,2,O,Solvent,1.0,,Clc1cc2c(cc1Cl)Oc1c(Cl)c(Cl)c(Cl)c(Cl)c1O2,Solute,,1,-15.52264,4.184,10.1007/s10822-012-9568-8
172,7a1b8959150f4ff893a041239173b435,298.15,101.325,Liquid,2,O,Solvent,1.0,,c1ccncc1,Solute,,1,-19.622960000000003,2.5104,10.1021/ct050097l
173,2bc900c738604b1db01ca7f2dcc86714,298.15,101.325,Liquid,2,O,Solvent,1.0,,c1ccc2c(c1)Cc1ccccc1C2,Solute,,1,-15.81552,0.4184,10.5281/zenodo.596537
174,a384548c86dc4904ad6f929ea57f130b,298.15,101.325,Liquid,2,O,Solvent,1.0,,c1ccsc1,Solute,,1,-5.8576,0.8368000000000001,10.1039/P29900000291
175,82c449ad94ad4ffcab69719ecb74739a,298.15,101.325,Liquid,2,O,Solvent,1.0,,C=C(C)C,Solute,,1,4.85344,2.5104,10.1021/ct050097l
176,e5e52946ea174d8381a9c591cd308f83,298.15,101.325,Liquid,2,O,Solvent,1.0,,ClC(Cl)Cl,Solute,,1,-4.51872,2.5104,10.1021/ct050097l
177,6a9a40baba1b4006b0a7b28684416ab3,298.15,101.325,Liquid,2,O,Solvent,1.0,,OCC(F)(F)F,Solute,,1,-18.03304,2.5104,10.1039/F19736901577
178,36c044163b9c42d3bc220cffec863bf5,298.15,101.325,Liquid,2,O,Solvent,1.0,,C=CC,Solute,,1,5.522880000000001,2.5104,10.1021/ct050097l
179,f856ce532cc7404c841dd4d1ae71dbdd,298.15,101.325,Liquid,2,O,Solvent,1.0,,CC(=O)O,Solute,,1,-27.99096,2.5104,10.1021/ct050097l
180,dc90b0ea42a74334b3e58ceb28a7afe7,298.15,101.325,Liquid,2,O,Solvent,1.0,,CCc1ccccc1C,Solute,,1,-3.5564,0.4184,10.5281/zenodo.596537
181,f3b0ba694f1a4ebe8bfe9d912dfb7e46,298.15,101.325,Liquid,2,O,Solvent,1.0,,CCNc1nc(NC(C)C)nc(SC)n1,Solute,,1,-32.007600000000004,1.8828,10.1021/jp806724u
182,297412f749424b83876aa17e4b303c8d,298.15,101.325,Liquid,2,O,Solvent,1.0,,c1ccccc1,Solute,,1,-3.7656,0.8368000000000001,10.1039/P29900000291
183,74c772e1f7ae451e828818e9acba96ca,298.15,101.325,Liquid,2,O,Solvent,1.0,,CC(C)CCC(C)(C)C,Solute,,1,12.25912,2.5104,10.1021/ct050097l
184,7ad1f315c9e14cfd94138e457b9ae6a5,298.15,101.325,Liquid,2,O,Solvent,1.0,,COCOC,Solute,,1,-12.25912,0.8368000000000001,10.5281/zenodo.596537
185,84df7b8f3692445e9ada57966f34a757,298.15,101.325,Liquid,2,O,Solvent,1.0,,Cc1[nH]c(=O)n(C(C)(C)C)c(=O)c1Cl,Solute,,1,-46.60976,8.07512,10.1021/jp806724u
186,922b1d851be244f1a1ba3b5765518384,298.15,101.325,Liquid,2,O,Solvent,1.0,,CCCO,Solute,,1,-20.2924,2.5104,10.1021/ct050097l
187,18e1fe625b6f43cab571bacef451f522,298.15,101.325,Liquid,2,O,Solvent,1.0,,Cc1ccc(C)c(O)c1,Solute,,1,-24.72744,2.5104,10.1021/ct050097l
188,b1ef5039a0e447039a0083c29cd30c11,298.15,101.325,Liquid,2,O,Solvent,1.0,,CCCCCCCCCCO,Solute,,1,-15.22976,2.5104,10.1021/ct050097l
189,04693958571d498bb374b56a30c981c1,298.15,101.325,Liquid,2,O,Solvent,1.0,,CCCCCCCC,Solute,,1,12.04992,2.5104,10.1021/ct050097l
190,e3a72f12545e4b9094f3959c7e2d8104,298.15,101.325,Liquid,2,O,Solvent,1.0,,Nc1ccccc1Cl,Solute,,1,-20.54344,2.5104,10.1021/ct050097l
191,0ba0624c3afc450e96e3ab4c938f8cd1,298.15,101.325,Liquid,2,O,Solvent,1.0,,Cc1ccc(C)c(C)c1,Solute,,1,-3.59824,2.5104,10.1021/ct050097l
192,a89edcce90224055927aa28cc8157d5b,298.15,101.325,Liquid,2,O,Solvent,1.0,,Cc1ccccc1N,Solute,,1,-23.13752,2.5104,10.1021/ct050097l
193,572d39a8cc0b4deca097fba14b8ca8d0,298.15,101.325,Liquid,2,O,Solvent,1.0,,Cc1nc(N(C)C)nc(OC(=O)N(C)C)c1C,Solute,,1,-39.37144,8.07512,10.1021/jp806724u
194,41cdd828bf324fc4af4cd030eff80ac9,298.15,101.325,Liquid,2,O,Solvent,1.0,,C[C@@H](CO[N+](=O)[O-])O[N+](=O)[O-],Solute,,1,-20.710800000000003,0.4184,10.1021/jp806724u
195,6fc2d159cedd466b9419c102ada5ccd7,298.15,101.325,Liquid,2,O,Solvent,1.0,,C1=CCCCC1,Solute,,1,0.5857600000000001,0.4184,10.5281/zenodo.596537
196,0471f75c3a144c5fb85c04a6019ea7ba,298.15,101.325,Liquid,2,O,Solvent,1.0,,Cc1ccc(C)cc1,Solute,,1,-3.3472000000000004,2.5104,10.1021/ct050097l
197,f9d9ab9d6a4f478397afe5df9b581ae2,298.15,101.325,Liquid,2,O,Solvent,1.0,,OCC(O)CO,Solute,,1,-56.19112,4.184,10.1007/s10822-010-9350-8
198,5d3b3566dd19468bb07eee369e42e8dd,298.15,101.325,Liquid,2,O,Solvent,1.0,,Nc1ccc2ccccc2c1,Solute,,1,-31.25448,2.5104,10.1021/ct050097l
199,526239cd2e9544f9a94570825f6b188b,298.15,101.325,Liquid,2,O,Solvent,1.0,,COc1cc(C=O)c(Cl)c(OC)c1O,Solute,,1,-32.551520000000004,3.22168,10.5281/zenodo.596537
200,32fa53fe779041268b4ac1d02c8c163f,298.15,101.325,Liquid,2,O,Solvent,1.0,,CN(CC(F)(F)F)c1ccccc1,Solute,,1,-8.03328,2.5104,10.1139/v93-262
201,bcd111df0bb74980a28b8b641e996b60,298.15,101.325,Liquid,2,O,Solvent,1.0,,COC(C)C,Solute,,1,-8.409839999999999,2.5104,10.1021/ct050097l
202,d9b7542c18884ffb8ade0b33142c1b46,298.15,101.325,Liquid,2,O,Solvent,1.0,,Clc1cc(-c2cc(Cl)c(Cl)c(Cl)c2Cl)cc(Cl)c1Cl,Solute,,1,-13.26328,0.4184,10.1007/s10822-012-9568-8
203,6248ef1bf209472c805a275c5bd88216,298.15,101.325,Liquid,2,O,Solvent,1.0,,CC[C@@H](C)c1cc([N+](=O)[O-])cc([N+](=O)[O-])c1O,Solute,,1,-26.06632,8.07512,10.1021/jp806724u
204,352d40181da2438bbf435546aec40e75,298.15,101.325,Liquid,2,O,Solvent,1.0,,CCCCC(=O)CCCC,Solute,,1,-11.04576,2.5104,10.1021/ct050097l
205,b3d68470999541c9b769c595a12334f5,298.15,101.325,Liquid,2,O,Solvent,1.0,,[O-][S+2]1([O-])CCCC1,Solute,,1,-36.02424,1.29704,10.1007/s10822-010-9350-8
206,b9f602c8dec247a48232cfbc0a550eeb,298.15,101.325,Liquid,2,O,Solvent,1.0,,COC(OC)(OC)c1ccccc1,Solute,,1,-16.90336,2.5104,10.1139/v80-201
207,6fc8168699194a559ead59719bf8932b,298.15,101.325,Liquid,2,O,Solvent,1.0,,CCCc1ccc(O)c(OC)c1,Solute,,1,-22.00784,0.75312,10.5281/zenodo.596537
208,c109801c905e468c931c498ada4b99d4,298.15,101.325,Liquid,2,O,Solvent,1.0,,CC(F)F,Solute,,1,-0.46024,2.5104,10.1021/ct050097l
209,ebf2356954aa463ea69f8b449e2924ca,298.15,101.325,Liquid,2,O,Solvent,1.0,,O=c1[nH]cc(F)c(=O)[nH]1,Solute,,1,-70.79328000000001,3.68192,10.1007/s10822-010-9350-8
210,ba303e5c9bfc4ad5a68de9e0dc1fb97b,298.15,101.325,Liquid,2,O,Solvent,1.0,,CCCCCCCCCO,Solute,,1,-16.23392,2.5104,10.1021/ct050097l
211,9d6b54d04d9a46f0bc8b86fda1ea6878,298.15,101.325,Liquid,2,O,Solvent,1.0,,C1CCOCC1,Solute,,1,-13.05408,2.5104,10.1021/ct050097l
212,b9173e42ad394834a20696d030f7cf38,298.15,101.325,Liquid,2,O,Solvent,1.0,,Ic1ccccc1,Solute,,1,-7.28016,2.5104,10.1021/ct050097l
213,8f6284eb23464dfb87f7f027b22d9670,298.15,101.325,Liquid,2,O,Solvent,1.0,,CCCC(C)(C)O,Solute,,1,-16.40128,2.5104,10.1021/ct050097l
214,5cb03a7a1ffa41aeb2065a64c2b61b33,298.15,101.325,Liquid,2,O,Solvent,1.0,,FCCl,Solute,,1,-3.22168,2.5104,10.1021/ct050097l
215,0bd9b28917d440b9ba75cd5a5936b677,298.15,101.325,Liquid,2,O,Solvent,1.0,,Cc1cccc(C)c1C,Solute,,1,-5.06264,2.5104,10.1021/ct050097l
216,902c951c67a241eeafd12094d2761c9c,298.15,101.325,Liquid,2,O,Solvent,1.0,,CC(=O)c1ccc(C)cc1,Solute,,1,-19.664800000000003,2.5104,10.1021/ct050097l
217,057f75ea1d734d91b488c904ba3bdaaf,298.15,101.325,Liquid,2,O,Solvent,1.0,,COc1ccccc1O,Solute,,1,-24.852960000000003,0.4184,10.5281/zenodo.596537
218,ea7ecf9ef7a04eb99b52d242778086c6,298.15,101.325,Liquid,2,O,Solvent,1.0,,CC(=O)OCCOC(C)=O,Solute,,1,-26.52656,2.5104,10.1021/ct050097l
219,826d1b50779c4a92bc752e46b479c9ad,298.15,101.325,Liquid,2,O,Solvent,1.0,,CCCCCc1ccccc1,Solute,,1,-0.96232,2.5104,10.1021/ct050097l
220,840ddaaa183e4ea7ad6b50845db6ebad,298.15,101.325,Liquid,2,O,Solvent,1.0,,CCCCCCO,Solute,,1,-18.4096,2.5104,10.1021/ct050097l
221,fbaee0a715824eb19bdb3ba5738036c1,298.15,101.325,Liquid,2,O,Solvent,1.0,,CCCCCOC(=O)CC,Solute,,1,-8.82824,2.5104,10.1021/ct050097l
222,679b7b1a7ee546daae763ab6cf66a1f6,298.15,101.325,Liquid,2,O,Solvent,1.0,,CCCCCC(C)=O,Solute,,1,-12.71936,2.5104,10.1021/ct050097l
223,41c48a9db2734b27b112cdbc94fc4f83,298.15,101.325,Liquid,2,O,Solvent,1.0,,COC(CCl)(OC)OC,Solute,,1,-19.20456,2.5104,10.1139/v80-201
224,252412307bdb44f5a896e098222972ec,298.15,101.325,Liquid,2,O,Solvent,1.0,,CCCCCCCCO,Solute,,1,-17.11256,2.5104,10.1021/ct050097l
225,09326695b40e428fbf1e22df279375d3,298.15,101.325,Liquid,2,O,Solvent,1.0,,CCCCCl,Solute,,1,-0.66944,2.5104,10.1021/ct050097l
226,dade9b4b41cd41b7a01ca74ba41e5379,298.15,101.325,Liquid,2,O,Solvent,1.0,,Oc1ccc2ccccc2c1,Solute,,1,-33.93224,2.5104,10.1021/ct050097l
227,f99aad331ab24f32924b12575b135c37,298.15,101.325,Liquid,2,O,Solvent,1.0,,O=C1CCCCC1,Solute,,1,-20.54344,2.5104,10.1021/ct050097l
228,51540c29b6f44c7d9ffd38a5730b1376,298.15,101.325,Liquid,2,O,Solvent,1.0,,CCOC(C)OCC,Solute,,1,-13.72352,0.8368000000000001,10.5281/zenodo.596537
229,5ea0850d5c8047228c5b359eb91b5acf,298.15,101.325,Liquid,2,O,Solvent,1.0,,CCCOC(=O)CCC,Solute,,1,-9.53952,2.5104,10.1021/ct050097l
230,fffc87dba9ae4ae0aed0e59ce3ed3c7a,298.15,101.325,Liquid,2,O,Solvent,1.0,,C=CCCCCCCC,Solute,,1,8.61904,2.5104,10.1021/ct050097l
231,20aa92a16f474974886ca9d471995172,298.15,101.325,Liquid,2,O,Solvent,1.0,,Cc1ccc(C)c2ccccc12,Solute,,1,-11.79888,2.5104,10.1021/ct050097l
232,99d81b86c6e640e2899c0149c629fea6,298.15,101.325,Liquid,2,O,Solvent,1.0,,O=C1C=CC(=O)C=C1,Solute,,1,-27.196,0.8368000000000001,10.1039/P29900000291
233,bb866176e45643a2842ed7e03ec32ce6,298.15,101.325,Liquid,2,O,Solvent,1.0,,CCCCCBr,Solute,,1,-0.4184,0.8368000000000001,10.1039/P29900000291
234,2591c1a0fbd74c0d9cd7de2d3b6441f0,298.15,101.325,Liquid,2,O,Solvent,1.0,,C=C(C)c1ccccc1,Solute,,1,-5.18816,2.5104,10.1021/ct050097l
235,2f114293e0814e97b3a93ec72e7bd2ce,298.15,101.325,Liquid,2,O,Solvent,1.0,,CC(Cl)(Cl)Cl,Solute,,1,-0.79496,2.5104,10.1021/ct050097l
236,19579e7c61934d629a37a0f2ee4569d9,298.15,101.325,Liquid,2,O,Solvent,1.0,,ClCCl,Solute,,1,-5.48104,2.5104,10.1021/ct050097l
237,fcc9b4cb85914441803f4582dee6bd4f,298.15,101.325,Liquid,2,O,Solvent,1.0,,Cn1cccc1,Solute,,1,-12.09176,2.5104,10.1021/ct050097l
238,546bdb27fa7a412fa576e75ef0bcb07f,298.15,101.325,Liquid,2,O,Solvent,1.0,,Nc1cccc([N+](=O)[O-])c1,Solute,,1,-36.98656,2.5104,10.1021/ct050097l
239,ad7a35d3e8804197af524110c23d7a3c,298.15,101.325,Liquid,2,O,Solvent,1.0,,CCCCCCO[N+](=O)[O-],Solute,,1,-6.94544,0.4184,10.5281/zenodo.596537
240,2dc1ef8db6504f3ca69f27dbdc4cf801,298.15,101.325,Liquid,2,O,Solvent,1.0,,Nc1cccc2ccccc12,Solute,,1,-30.45952,2.5104,10.1021/ct050097l
241,1b537a8f1c6345c3a4732530a349919e,298.15,101.325,Liquid,2,O,Solvent,1.0,,CC(C)=O,Solute,,1,-15.8992,2.5104,10.1021/ct050097l
242,2b00a61eed294bc9960110ab22e80ca8,298.15,101.325,Liquid,2,O,Solvent,1.0,,O=C1CCCC1,Solute,,1,-19.664800000000003,2.5104,10.1021/ct050097l
243,2f07511b85424298a5f92d2948da76f0,298.15,101.325,Liquid,2,O,Solvent,1.0,,COC(=O)c1ccccc1,Solute,,1,-16.40128,2.5104,10.1021/ct050097l
244,a5076ca1808c4d0881e9b01254993425,298.15,101.325,Liquid,2,O,Solvent,1.0,,O=Cc1ccccc1,Solute,,1,-16.819679999999998,2.5104,10.1021/ct050097l
245,e24a2060c7d84ed5b12eee741366f4f7,298.15,101.325,Liquid,2,O,Solvent,1.0,,CCOC(=O)c1ccccc1,Solute,,1,-15.22976,2.5104,10.1021/ct050097l
246,572c46ce0f63467c95e35c934f36d6ba,298.15,101.325,Liquid,2,O,Solvent,1.0,,Clc1ccc2c(c1)Oc1c(Cl)c(Cl)c(Cl)c(Cl)c1O2,Solute,,1,-17.3636,4.184,10.1007/s10822-012-9568-8
247,6218779840a64137bef63e4391ac81a7,298.15,101.325,Liquid,2,O,Solvent,1.0,,Clc1cccc(Cl)c1Cl,Solute,,1,-5.18816,2.5104,10.1021/ct050097l
248,b4f85891735b41a28263981172f651a9,298.15,101.325,Liquid,2,O,Solvent,1.0,,COC(C)=O,Solute,,1,-13.09592,2.5104,10.1021/ct050097l
249,f184717169da47b9a212cc360d012ee7,298.15,101.325,Liquid,2,O,Solvent,1.0,,CC(Cl)Cl,Solute,,1,-3.51456,2.5104,10.1021/ct050097l
250,9ac6fa0f61a04f019a88456882b3a7a8,298.15,101.325,Liquid,2,O,Solvent,1.0,,CC(C)C(=O)C(C)C,Solute,,1,-11.46416,2.5104,10.1021/ct050097l
251,c7332dd51d544446acc114f4eaee43ba,298.15,101.325,Liquid,2,O,Solvent,1.0,,Cc1ccccc1O,Solute,,1,-24.6856,0.8368000000000001,10.1039/P29900000291
252,882f5b2d411a4a129b956526db5a0fff,298.15,101.325,Liquid,2,O,Solvent,1.0,,O=c1[nH]cc(Br)c(=O)[nH]1,Solute,,1,-76.02328000000001,2.3012,10.1007/s10822-010-9350-8
253,3bd00ba303c94b7e98de76c4c3096b3a,298.15,101.325,Liquid,2,O,Solvent,1.0,,C=CCCC,Solute,,1,7.02912,2.5104,10.1021/ct050097l
254,7e8693dbd81b4c8dbe0e81c64cfb8690,298.15,101.325,Liquid,2,O,Solvent,1.0,,CCCCC(C)C,Solute,,1,12.25912,2.5104,10.1021/ct050097l
255,9ee7ed0ec38b43de8dea7b41a6ae2bc0,298.15,101.325,Liquid,2,O,Solvent,1.0,,CN1CCN(C)CC1,Solute,,1,-31.71472,2.5104,10.1139/v91-2
256,1f5a31ff502646c2bf49efc476f3d93f,298.15,101.325,Liquid,2,O,Solvent,1.0,,Clc1ccc2c(c1)Oc1ccc(Cl)cc1O2,Solute,,1,-15.35528,0.50208,10.1007/s10822-012-9568-8
257,02b6c6e1f87141b9b8baf762859070e8,298.15,101.325,Liquid,2,O,Solvent,1.0,,CC(C)C(C)C(C)C,Solute,,1,10.71104,2.5104,10.1021/ct050097l
258,2e0ec7f015a64b1f80b8ea74f9888af6,298.15,101.325,Liquid,2,O,Solvent,1.0,,CN(C)C(=O)c1ccccc1,Solute,,1,-38.86936,2.5104,10.1139/v92-210
259,bbf5927fea494b4e9f094cb132c34337,298.15,101.325,Liquid,2,O,Solvent,1.0,,O=[N+]([O-])c1ccccc1,Solute,,1,-17.23808,2.5104,10.1021/ct050097l
260,6d53134846124e3e96ffc94b5d7eebdb,298.15,101.325,Liquid,2,O,Solvent,1.0,,COc1ccc(N)cc1,Solute,,1,-31.29632,2.5104,10.1021/ct050097l
261,1d387de6ee604ce6bb15c28ee1d4bc0d,298.15,101.325,Liquid,2,O,Solvent,1.0,,Clc1ccc(Cl)c(Cl)c1Cl,Solute,,1,-5.606560000000001,2.5104,10.1021/ct050097l
262,a7c402278fce4b99a89b4209eb529cb5,298.15,101.325,Liquid,2,O,Solvent,1.0,,CC(C)Cc1ccccc1,Solute,,1,0.66944,2.5104,10.1021/ct050097l
263,53b942a5e2f147c9af72b750ec7e36bf,298.15,101.325,Liquid,2,O,Solvent,1.0,,Cc1ccccn1,Solute,,1,-19.37192,2.5104,10.1021/ct050097l
264,1a524516a1614ae486890cd231361dfe,298.15,101.325,Liquid,2,O,Solvent,1.0,,Clc1ccccn1,Solute,,1,-18.36776,2.5104,10.1021/ct050097l
265,a45bc5e4000a48f0af9613165b959846,298.15,101.325,Liquid,2,O,Solvent,1.0,,C#CCCC,Solute,,1,0.04184,2.5104,10.1021/ct050097l
266,741a954ba4854322a696da99d6acea44,298.15,101.325,Liquid,2,O,Solvent,1.0,,CCC#N,Solute,,1,-16.06656,2.5104,10.1021/ct050097l
267,24e75f5dbd75467981796da04e557d1e,298.15,101.325,Liquid,2,O,Solvent,1.0,,O=c1cc(Cl)[nH]c(=O)[nH]1,Solute,,1,-66.23272,5.10448,10.1007/s10822-010-9350-8
268,8ca48d779e9c4b21902f93f41cbc556f,298.15,101.325,Liquid,2,O,Solvent,1.0,,CI,Solute,,1,-3.72376,2.5104,10.1021/ct050097l
269,f2be2cc4776e47f9a55a632c59210c28,298.15,101.325,Liquid,2,O,Solvent,1.0,,Nc1ccc(O)c2c1C(=O)c1ccccc1C2=O,Solute,,1,-39.87352,1.17152,10.5281/zenodo.596537
270,e97ed3713549470d8fe622f9e4ef1dc3,298.15,101.325,Liquid,2,O,Solvent,1.0,,CCCCCCCCC,Solute,,1,13.09592,2.5104,10.1021/ct050097l
271,b2ad9159310b4aaab4fb3594101ef7f3,298.15,101.325,Liquid,2,O,Solvent,1.0,,Cc1cc(O)ccc1Cl,Solute,,1,-28.40936,2.5104,10.1021/ct050097l
272,0f8521bd01964efcb698d836b18f1e2c,298.15,101.325,Liquid,2,O,Solvent,1.0,,CCl,Solute,,1,-2.3012,2.5104,10.1021/ct050097l
273,f03a860856904319b703731a2a23c018,298.15,101.325,Liquid,2,O,Solvent,1.0,,CC(=O)OC(C)OC(C)=O,Solute,,1,-20.79448,2.5104,10.1139/v91-2
274,a4caa30c3304425492cc7d018fbca31a,298.15,101.325,Liquid,2,O,Solvent,1.0,,Cl/C=C\Cl,Solute,,1,-4.89528,2.5104,10.1021/ct050097l
275,1535a4f7552347849738f4824a158ba8,298.15,101.325,Liquid,2,O,Solvent,1.0,,C=C(c1ccccc1)c1ccccc1,Solute,,1,-11.63152,0.4184,10.5281/zenodo.596537
276,0e88bcc9a16f48ab96de2c67f8a8e579,298.15,101.325,Liquid,2,O,Solvent,1.0,,Fc1ccccc1,Solute,,1,-3.3472000000000004,2.5104,10.1021/ct050097l
277,9a40426b1bd64783a1c5d49f2601bd83,298.15,101.325,Liquid,2,O,Solvent,1.0,,Cc1ccc(Br)cc1,Solute,,1,-5.81576,2.5104,10.1021/ct050097l
278,341cbd63bc3b4f63931403c1db40684b,298.15,101.325,Liquid,2,O,Solvent,1.0,,FC(F)(F)[C@H](Cl)Br,Solute,,1,-0.46024,2.5104,10.1021/ct050097l
279,49449b8c6d754f4aa36f8eb876d47448,298.15,101.325,Liquid,2,O,Solvent,1.0,,Clc1ccc(Cl)cc1,Solute,,1,-4.22584,2.5104,10.1021/ct050097l
280,3b346b2075e74787b31c995f505f7db6,298.15,101.325,Liquid,2,O,Solvent,1.0,,CC(C)C(C)C,Solute,,1,9.79056,2.5104,10.1021/ct050097l
281,d78f736187fc445da5629469b0982c5d,298.15,101.325,Liquid,2,O,Solvent,1.0,,Cc1cccc(C)n1,Solute,,1,-19.20456,2.5104,10.1021/ct050097l
282,cef3cae72ded43bb8493eda0993cb504,298.15,101.325,Liquid,2,O,Solvent,1.0,,OC[C@@H](O)[C@@H](O)[C@H](O)[C@H](O)CO,Solute,,1,-98.82608,1.33888,10.5281/zenodo.596537
283,c086200e8e414979b86590fe3a70b7ff,298.15,101.325,Liquid,2,O,Solvent,1.0,,ClCCOCCCl,Solute,,1,-17.698320000000002,0.8368000000000001,10.5281/zenodo.596537
284,b02326229d7e4e74a92483706f355dbb,298.15,101.325,Liquid,2,O,Solvent,1.0,,CCOC(=O)c1ccc(O)cc1,Solute,,1,-38.4928,1.2552,10.1007/s10822-010-9350-8
285,cb572110c6f549d8a6fe9ffa142b598b,298.15,101.325,Liquid,2,O,Solvent,1.0,,c1ccc(Cn2ccnc2)cc1,Solute,,1,-31.923920000000003,0.50208,10.5281/zenodo.596537
286,0a951f82540f459d84de1f95a2bfd3c5,298.15,101.325,Liquid,2,O,Solvent,1.0,,COC(=O)C1CC1,Solute,,1,-17.1544,2.5104,10.1021/ct050097l
287,70931ba7aa2743b0a9367a06598d637f,298.15,101.325,Liquid,2,O,Solvent,1.0,,COCCOC,Solute,,1,-20.25056,2.5104,10.1021/ct050097l
288,bc9f63d32c564cdb8b73cdc8c3fbfe42,298.15,101.325,Liquid,2,O,Solvent,1.0,,OCCO,Solute,,1,-38.91120000000001,2.5104,10.1021/ct050097l
289,d95a8d5fb3234603a8501292787f975a,298.15,101.325,Liquid,2,O,Solvent,1.0,,FC(F)(F)c1cccc(C(F)(F)F)c1,Solute,,1,4.47688,0.8368000000000001,10.5281/zenodo.596537
290,1c48f5f402724269913b6d4f1455f428,298.15,101.325,Liquid,2,O,Solvent,1.0,,CCCc1ccc(O)cc1,Solute,,1,-21.79864,2.88696,10.1021/je00018a020
291,85afa35864f14bbeae96f8154565d29d,298.15,101.325,Liquid,2,O,Solvent,1.0,,CCCOCCO,Solute,,1,-26.777600000000003,2.5104,10.1021/ct050097l
292,88114c74b0d648ae995400afa1d20dba,298.15,101.325,Liquid,2,O,Solvent,1.0,,ClC1=C(Cl)[C@]2(Cl)[C@@H]3[C@@H](Cl)C=C[C@@H]3[C@@]1(Cl)C2(Cl)Cl,Solute,,1,-10.6692,0.4184,10.1021/jp806724u
293,a990cbdc9f78462da81a23046b7a850c,298.15,101.325,Liquid,2,O,Solvent,1.0,,CCOCCOCC,Solute,,1,-14.81136,2.5104,10.1021/ct050097l
294,a43c44f2473f458a9e657bfc51d581c7,298.15,101.325,Liquid,2,O,Solvent,1.0,,CCCCCCCC=O,Solute,,1,-9.58136,2.5104,10.1021/ct050097l
295,f1f9336ebd564a939c246db125f6192f,298.15,101.325,Liquid,2,O,Solvent,1.0,,C[C@H](Cl)CCl,Solute,,1,-5.313680000000001,2.5104,10.1021/ct050097l
296,fb8de1f144644f8f8891007f1d027a75,298.15,101.325,Liquid,2,O,Solvent,1.0,,C[C@@H]1CCCC[C@@H]1C,Solute,,1,6.610720000000001,2.5104,10.1021/ct050097l
297,d090fdf710f6458186396bb1c307eb5e,298.15,101.325,Liquid,2,O,Solvent,1.0,,CCCCCCCI,Solute,,1,1.12968,2.5104,10.1021/ct050097l
298,49b0264705d8456aba1172c44511573e,298.15,101.325,Liquid,2,O,Solvent,1.0,,C=CCCCCC,Solute,,1,6.94544,2.5104,10.1021/ct050097l
299,0ce6d19defd94d508645e49639fd5284,298.15,101.325,Liquid,2,O,Solvent,1.0,,Cc1ccc(O)c(C)c1,Solute,,1,-25.14584,2.5104,10.1021/ct050097l
300,78044c65788d427fa574c859249de45c,298.15,101.325,Liquid,2,O,Solvent,1.0,,CCCCC(=O)O,Solute,,1,-25.77344,2.5104,10.1021/ct050097l
301,3a24741e94ea497e961759f42a858efb,298.15,101.325,Liquid,2,O,Solvent,1.0,,Clc1c(Cl)c(Cl)c(Cl)c(Cl)c1Cl,Solute,,1,-9.74872,4.85344,10.1007/s10822-010-9350-8
302,b2c2ab02a98b4d738e899362c8cdb76d,298.15,101.325,Liquid,2,O,Solvent,1.0,,CS(=O)(=O)Cl,Solute,,1,-20.37608,2.5104,10.1139/v98-084
303,4a8a208c7b9f41bdaa761a01ad13f115,298.15,101.325,Liquid,2,O,Solvent,1.0,,COc1cccc(OC)c1O,Solute,,1,-29.12064,0.4184,10.5281/zenodo.596537
304,812090e8b7e14de2b776d49e5502c83e,298.15,101.325,Liquid,2,O,Solvent,1.0,,Nc1ccccc1,Solute,,1,-22.970160000000003,2.5104,10.1021/ct050097l
305,6f10ea0fb84547b5b4350a5a0bd4f1ad,298.15,101.325,Liquid,2,O,Solvent,1.0,,CCc1cccnc1,Solute,,1,-19.20456,2.5104,10.1021/ct050097l
306,2475fded2afa4d5da1c9c9a4e693d07a,298.15,101.325,Liquid,2,O,Solvent,1.0,,CCCCC#N,Solute,,1,-14.72768,2.5104,10.1021/ct050097l
307,35cca2c1c57b4443822cbe793e68c6d2,298.15,101.325,Liquid,2,O,Solvent,1.0,,CC(C)CCOC=O,Solute,,1,-8.91192,2.5104,10.1021/ct050097l
308,dd5890c428a94c58a122ef64a8659bdb,298.15,101.325,Liquid,2,O,Solvent,1.0,,C#CCCCCC,Solute,,1,2.5104,2.5104,10.1021/ct050097l
309,6e30d6fc7c084fd2a373f0e0ac841461,298.15,101.325,Liquid,2,O,Solvent,1.0,,CCOC(OCC)Oc1ccccc1,Solute,,1,-21.882320000000004,2.5104,10.5281/zenodo.596537
310,a7b65a251c7143ff8f1056e941fb8c7c,298.15,101.325,Liquid,2,O,Solvent,1.0,,Cc1cccc(Nc2ccccc2C(=O)O)c1C,Solute,,1,-28.367520000000003,0.4184,10.5281/zenodo.596537
311,7f922c4c2b2247e1bb3218dd4c90d2dc,298.15,101.325,Liquid,2,O,Solvent,1.0,,CC(=O)CO[N+](=O)[O-],Solute,,1,-25.06216,0.4184,10.1021/jp806724u
312,3af916bc0cbf4cc8951afbc2a5ed1162,298.15,101.325,Liquid,2,O,Solvent,1.0,,CCSCC,Solute,,1,-6.10864,2.5104,10.1021/ct050097l
313,1b513cad571745f0844fffb67f24fb04,298.15,101.325,Liquid,2,O,Solvent,1.0,,Nc1ccc2c(c1)C(=O)c1ccccc1C2=O,Solute,,1,-48.24152,1.21336,10.5281/zenodo.596537
314,dbb976e3e7394ff2b35173867ef2fe4d,298.15,101.325,Liquid,2,O,Solvent,1.0,,C=C(C)[C@@H]1CC=C(C=O)CC1,Solute,,1,-17.11256,0.7112800000000001,10.5281/zenodo.596537
315,0caf8f8802a34b908ff7dc4bb08557d7,298.15,101.325,Liquid,2,O,Solvent,1.0,,N#Cc1ccncc1,Solute,,1,-25.18768,2.5104,10.1021/ct050097l
316,c3da423f84ff4ac7830b276338119186,298.15,101.325,Liquid,2,O,Solvent,1.0,,CCCSCCC,Solute,,1,-5.35552,2.5104,10.1021/ct050097l
317,8185a6daf94a441d88949c3088120f6f,298.15,101.325,Liquid,2,O,Solvent,1.0,,C[C@H]1CCCO1,Solute,,1,-13.8072,2.5104,10.1021/ct050097l
318,1d86f777b10846138b25db41acf6087f,298.15,101.325,Liquid,2,O,Solvent,1.0,,O=[N+]([O-])c1ccccc1O,Solute,,1,-19.16272,2.5104,10.1021/ct050097l
319,6cf04ac9230a4fd5bfb2c51234a79cf0,298.15,101.325,Liquid,2,O,Solvent,1.0,,COc1ccccc1N,Solute,,1,-25.60608,2.5104,10.1021/ct050097l
320,8231337d194d4226a9dc80ccb2198448,298.15,101.325,Liquid,2,O,Solvent,1.0,,CCN(CC)c1c([N+](=O)[O-])cc(C(F)(F)F)c(N)c1[N+](=O)[O-],Solute,,1,-23.68144,8.07512,10.1021/jp806724u
321,57f57a68b6004e5daf21c00321814325,298.15,101.325,Liquid,2,O,Solvent,1.0,,CCCCCCCO,Solute,,1,-17.61464,2.5104,10.1021/ct050097l
322,0a08ed40dbce4fec99bdd4e73c22aab7,298.15,101.325,Liquid,2,O,Solvent,1.0,,c1ccc2c(c1)CCC2,Solute,,1,-6.10864,2.5104,10.1021/ct050097l
323,0a67fbb7d4d44f018c5ddcab6fe39950,298.15,101.325,Liquid,2,O,Solvent,1.0,,Cc1ccc2cc(C)ccc2c1,Solute,,1,-11.00392,2.5104,10.1021/ct050097l
324,4df46f0585e241abaea780e033ae295e,298.15,101.325,Liquid,2,O,Solvent,1.0,,C=CC=C,Solute,,1,2.34304,0.8368000000000001,10.1021/jo00891a006
325,38756f8a160f4fcd920415b57d927e5d,298.15,101.325,Liquid,2,O,Solvent,1.0,,CC(C)C[C@@H](C)O,Solute,,1,-15.60632,2.5104,10.1021/ct050097l
326,e10a637d09d14b70ad746009209a6111,298.15,101.325,Liquid,2,O,Solvent,1.0,,CC(C)C,Solute,,1,9.6232,0.8368000000000001,10.1039/P29900000291
327,66e69c925c4c4109803b63218562a6c7,298.15,101.325,Liquid,2,O,Solvent,1.0,,CNC(=O)O/N=C\C(C)(C)SC,Solute,,1,-41.17056,0.4184,10.1021/jp806724u
328,4d31bd14b24342729d3cbc6299e848be,298.15,101.325,Liquid,2,O,Solvent,1.0,,CCc1cnccn1,Solute,,1,-22.8028,2.5104,10.1021/ct050097l
329,6a2392ca81204be9858e9c988e64e36d,298.15,101.325,Liquid,2,O,Solvent,1.0,,CS,Solute,,1,-5.0208,0.8368000000000001,10.1039/P29900000291
330,e94716ecc7d8495da7ede7265d2c0559,298.15,101.325,Liquid,2,O,Solvent,1.0,,CCc1cccc2ccccc12,Solute,,1,-10.0416,2.5104,10.1021/ct050097l
331,79857dc4787e4b039f9e383745c1603f,298.15,101.325,Liquid,2,O,Solvent,1.0,,O=[N+]([O-])OCCO[N+](=O)[O-],Solute,,1,-23.97432,0.4184,10.1021/jp806724u
332,dc83086a02a74758a73ba8f17a732cdf,298.15,101.325,Liquid,2,O,Solvent,1.0,,CN(C)CCC=C1c2ccccc2CCc2ccccc21,Solute,,1,-31.08712,2.5104,10.5281/zenodo.596537
333,86476327a050418b9efc64bc66caca5d,298.15,101.325,Liquid,2,O,Solvent,1.0,,ClCCCCCl,Solute,,1,-9.70688,2.5104,10.1021/ct050097l
334,94482bfb163845c88d60eb0695bb8124,298.15,101.325,Liquid,2,O,Solvent,1.0,,C=CCCCC,Solute,,1,6.610720000000001,2.5104,10.1021/ct050097l
335,87fc071fcf7d4a9c9a7928404d44705a,298.15,101.325,Liquid,2,O,Solvent,1.0,,OCc1ccccc1,Solute,,1,-27.69808,2.5104,10.1021/ct050097l
336,de6e3bf7eb8e4de2a5382ddea29c9116,298.15,101.325,Liquid,2,O,Solvent,1.0,,CN(C)c1ccccc1,Solute,,1,-14.4348,2.5104,10.1021/ct050097l
337,230337ce03c64e7a85f32e228316e300,298.15,101.325,Liquid,2,O,Solvent,1.0,,CC(=O)C(C)(C)C,Solute,,1,-13.01224,2.5104,10.1021/ct050097l
338,cb123505a1e04a9ba7d8e7056eb78ca2,298.15,101.325,Liquid,2,O,Solvent,1.0,,COC(F)(F)C(Cl)Cl,Solute,,1,-4.6860800000000005,2.5104,10.1021/ct050097l
339,ad04a8bc06d14175a8b1b984016b4fa3,298.15,101.325,Liquid,2,O,Solvent,1.0,,Clc1ccc2c(c1)Oc1ccccc1O2,Solute,,1,-12.9704,0.4184,10.1007/s10822-012-9568-8
340,22a4f4be8ad445768e9cbec3492d770f,298.15,101.325,Liquid,2,O,Solvent,1.0,,CCCC(=O)OC,Solute,,1,-11.84072,2.5104,10.1021/ct050097l
341,352c7abb25d84f32b842ad2e91cde135,298.15,101.325,Liquid,2,O,Solvent,1.0,,CCOP(=S)(OCC)Oc1cc(C)nc(C(C)C)n1,Solute,,1,-27.112320000000004,0.5439200000000001,10.1021/jp806724u
342,98b3428c189646f4845a0fff2caa6af4,298.15,101.325,Liquid,2,O,Solvent,1.0,,CC(C)c1ccccc1,Solute,,1,-1.2552,2.5104,10.1021/ct050097l
343,f0db2f60dbbd4ce0aedfa2f48d92e9c3,298.15,101.325,Liquid,2,O,Solvent,1.0,,CCCCC,Solute,,1,9.6232,0.8368000000000001,10.1039/P29900000291
344,acf36d5cb030442294da32f1bd90f226,298.15,101.325,Liquid,2,O,Solvent,1.0,,Clc1c(Cl)c(Cl)c(-c2c(Cl)c(Cl)c(Cl)c(Cl)c2Cl)c(Cl)c1Cl,Solute,,1,-12.46832,4.184,10.1007/s10822-012-9568-8
345,cdcdd5c9a80f49bc9151911e7b6988eb,298.15,101.325,Liquid,2,O,Solvent,1.0,,CC(C)(C)c1ccc(O)cc1,Solute,,1,-24.72744,2.5104,10.1021/ct050097l
346,c7f76d1337ce4d8cb3d86f31150b1313,298.15,101.325,Liquid,2,O,Solvent,1.0,,CC(=O)OCCC(C)C,Solute,,1,-9.24664,2.5104,10.1021/ct050097l
347,79ca3d1cbd4646038fcffdb5d1e613ee,298.15,101.325,Liquid,2,O,Solvent,1.0,,Cc1cc2ccccc2cc1C,Solute,,1,-11.63152,2.5104,10.1021/ct050097l
348,4539a43a794a41e69db7b4b61cf59e33,298.15,101.325,Liquid,2,O,Solvent,1.0,,FC(F)=C(F)C(F)(F)F,Solute,,1,12.25912,2.5104,10.1021/cr60306a003
349,39273b8122394283adc45e2cd574321a,298.15,101.325,Liquid,2,O,Solvent,1.0,,Cn1ccnc1,Solute,,1,-35.18744,2.5104,10.1021/ct050097l
350,fdf96c346fed429494ab2a95e826e523,298.15,101.325,Liquid,2,O,Solvent,1.0,,COC(C)(OC)OC,Solute,,1,-18.49328,2.5104,10.1021/ja00802a021
351,651840c80df941a3a1f3f05c7a3a7453,298.15,101.325,Liquid,2,O,Solvent,1.0,,Clc1c(Cl)c(Cl)c2c(c1Cl)Oc1ccccc1O2,Solute,,1,-15.94104,0.5857600000000001,10.1007/s10822-012-9568-8
352,51f9902d26154338a961b6dce9550410,298.15,101.325,Liquid,2,O,Solvent,1.0,,Cc1ccc(N)cc1,Solute,,1,-23.30488,2.5104,10.1021/ct050097l
353,14e04e4a1cbd45e393c13c18702744c8,298.15,101.325,Liquid,2,O,Solvent,1.0,,Sc1ccccc1,Solute,,1,-10.6692,2.5104,10.1021/ct050097l
354,bcf78cf183cb481986df3632150d6839,298.15,101.325,Liquid,2,O,Solvent,1.0,,Clc1cc(Cl)c(-c2ccccc2)c(Cl)c1,Solute,,1,-9.03744,0.4184,10.1007/s10822-012-9568-8
355,d36345187fd8487ab73e57f57744584c,298.15,101.325,Liquid,2,O,Solvent,1.0,,Clc1cc(Cl)c(-c2c(Cl)cccc2Cl)c(Cl)c1,Solute,,1,-8.20064,0.4184,10.1007/s10822-012-9568-8
356,580efe9fd47143f0ae9653650d45fbee,298.15,101.325,Liquid,2,O,Solvent,1.0,,Cc1cccc(C)c1N,Solute,,1,-21.79864,2.5104,10.1021/ct050097l
357,cb05622b24844d0097093adcfb8cfb39,298.15,101.325,Liquid,2,O,Solvent,1.0,,COc1ccc(C(=O)N(C)C)cc1,Solute,,1,-46.06584,2.5104,10.1139/v92-210
358,fd0aacf1735d41599dc0a25f11c3ea6e,298.15,101.325,Liquid,2,O,Solvent,1.0,,CC(C)[C@@H]1CC[C@@H](C)CC1=O,Solute,,1,-10.58552,1.046,10.5281/zenodo.596537
359,4c905481a2c6499ba8b5b3667416b08e,298.15,101.325,Liquid,2,O,Solvent,1.0,,CC(C)C=O,Solute,,1,-11.96624,2.5104,10.1021/ct050097l
360,d7ae812781c2474ba247955f9a451490,298.15,101.325,Liquid,2,O,Solvent,1.0,,N,Solute,,1,-17.949360000000002,2.5104,10.1021/ct050097l
361,d908f3b9356a41cf902ee5debb346927,298.15,101.325,Liquid,2,O,Solvent,1.0,,Cc1cc(C)c2ccccc2c1,Solute,,1,-10.33448,2.5104,10.1021/ct050097l
362,d616fcaedbe4434d88bfc52234ce8e37,298.15,101.325,Liquid,2,O,Solvent,1.0,,C=CCCC=C,Solute,,1,4.22584,2.5104,10.1021/ct050097l
363,1b900d132060477bbd57b14ded0c15c5,298.15,101.325,Liquid,2,O,Solvent,1.0,,CNC,Solute,,1,-17.949360000000002,2.5104,10.1021/ct050097l
364,b73d4c474ccf4f3fa02af6a2529d0c1d,298.15,101.325,Liquid,2,O,Solvent,1.0,,COc1c(Cl)ccc(Cl)c1C(=O)O,Solute,,1,-41.25424,8.07512,10.1021/jp806724u
365,e3863e7676ff4181adf9cbef26c48046,298.15,101.325,Liquid,2,O,Solvent,1.0,,Cc1c[nH]cn1,Solute,,1,-42.96968,2.5104,10.1021/bi00507a030
366,5d3307d54067487ba35b68538d8737f5,298.15,101.325,Liquid,2,O,Solvent,1.0,,Cc1ccccc1[N+](=O)[O-],Solute,,1,-14.97872,2.5104,10.1021/ct050097l
367,05a585213bc246a1a8b17af576d1ed96,298.15,101.325,Liquid,2,O,Solvent,1.0,,COCC(OC)(OC)OC,Solute,,1,-23.97432,2.5104,10.1139/v80-201
368,dcee1f1e9b5444138c73227b7e481fc1,298.15,101.325,Liquid,2,O,Solvent,1.0,,CCCCCO,Solute,,1,-19.120880000000003,2.5104,10.1021/ct050097l
369,17ecff599dd943b68d01b3ad65e293bf,298.15,101.325,Liquid,2,O,Solvent,1.0,,COS(=O)(=O)OC,Solute,,1,-21.3384,2.5104,10.1139/v78-385
370,1e9277e198d049bdb45f6e29eb2e4de3,298.15,101.325,Liquid,2,O,Solvent,1.0,,COCCO,Solute,,1,-27.69808,1.6736000000000002,10.1007/BF00646936 + 10.1136/oem.45.8.561
371,efa92c96a7674b8f939d55dc3df127ab,298.15,101.325,Liquid,2,O,Solvent,1.0,,CC1CCCC1,Solute,,1,6.65256,2.5104,10.1021/ct050097l
372,17f97e6c38264975b2855f1aaa55aeb1,298.15,101.325,Liquid,2,O,Solvent,1.0,,c1ccc2ncccc2c1,Solute,,1,-23.93248,2.5104,10.1021/ct050097l
373,b300a5aa50a14766a1fb935233f53994,298.15,101.325,Liquid,2,O,Solvent,1.0,,CCCCOCCO,Solute,,1,-26.15,2.5104,10.1021/ct050097l
374,ca36de8d9ca348f997ee4b647bb6dabf,298.15,101.325,Liquid,2,O,Solvent,1.0,,CCCCCCc1ccccc1,Solute,,1,-0.16736,2.5104,10.1021/ct050097l
375,5acc16b04dbe4e4ebc6a2c05d8431cb2,298.15,101.325,Liquid,2,O,Solvent,1.0,,CCCOC(=O)CC,Solute,,1,-10.20896,2.5104,10.1021/ct050097l
376,9ff922dbc33a418eba2205fa34ae8e4b,298.15,101.325,Liquid,2,O,Solvent,1.0,,CCSSCC,Solute,,1,-6.861759999999999,2.5104,10.1021/ct050097l
377,99f5e8a3a5e54ed987a7fca6c10bd664,298.15,101.325,Liquid,2,O,Solvent,1.0,,COc1cc(C)ccc1O,Solute,,1,-24.2672,0.4184,10.5281/zenodo.596537
378,ed998cabbced4a5f93f90ec7788c1ea8,298.15,101.325,Liquid,2,O,Solvent,1.0,,CCC(C)(C)C,Solute,,1,10.50184,2.5104,10.1021/ct050097l
379,a9346bba1d4a48b9bf6cb13a17c8934a,298.15,101.325,Liquid,2,O,Solvent,1.0,,Nc1ccccc1[N+](=O)[O-],Solute,,1,-30.836080000000003,2.5104,10.1021/ct050097l
380,7909843a717a45508993e0117453d71e,298.15,101.325,Liquid,2,O,Solvent,1.0,,ClC(Cl)=C(Cl)Cl,Solute,,1,0.4184,2.5104,10.1021/ct050097l
381,b16d48cadbf449d48bc48080b8b69fe5,298.15,101.325,Liquid,2,O,Solvent,1.0,,CC(C)CCO,Solute,,1,-18.49328,2.5104,10.1021/ct050097l
382,6742742b7a9a426e8362fa813630fad7,298.15,101.325,Liquid,2,O,Solvent,1.0,,Cc1cccnc1,Solute,,1,-19.95768,2.5104,10.1021/ct050097l
383,b6a436a60a6842bfaeaaa7fe9043d36d,298.15,101.325,Liquid,2,O,Solvent,1.0,,CCCC[N+](=O)[O-],Solute,,1,-12.92856,2.5104,10.1021/ct050097l
384,c161d91ec9f042348d6af633e249c0ce,298.15,101.325,Liquid,2,O,Solvent,1.0,,O=C(O)c1cc(-c2ccc(F)cc2F)ccc1O,Solute,,1,-39.329600000000006,0.8368000000000001,10.1007/s10822-010-9350-8
385,471a079a06584d7b89391bb4f26cd7cb,298.15,101.325,Liquid,2,O,Solvent,1.0,,CCCCCCN,Solute,,1,-16.5268,2.5104,10.1021/ct050097l
386,1b779ed34ea94b369e37941c1651ca90,298.15,101.325,Liquid,2,O,Solvent,1.0,,CCCCC/C=C/C=O,Solute,,1,-14.351120000000002,2.5104,10.1021/ct050097l
387,4eee32a7887c4f8392dc66c425c4293d,298.15,101.325,Liquid,2,O,Solvent,1.0,,Nc1ccc([N+](=O)[O-])cc1,Solute,,1,-41.08688,0.4184,10.1007/s10822-010-9350-8
388,72bc16398269425fb33dd9de11114783,298.15,101.325,Liquid,2,O,Solvent,1.0,,C=C,Solute,,1,5.35552,2.5104,10.1021/ct050097l
389,ee5a224277e347deb00c250292328366,298.15,101.325,Liquid,2,O,Solvent,1.0,,c1ccc(Oc2ccccc2)cc1,Solute,,1,-12.00808,2.88696,10.5281/zenodo.596537
390,3fcc365b09ef4acda2f78743a37a2f07,298.15,101.325,Liquid,2,O,Solvent,1.0,,COP(=O)(OC)OC,Solute,,1,-36.4008,0.4184,10.1007/s10822-010-9350-8
391,2b1f30e1111c4f58ac6aa70c957a239c,298.15,101.325,Liquid,2,O,Solvent,1.0,,Cc1ccc(C=O)cc1,Solute,,1,-17.865679999999998,2.5104,10.1021/ct050097l
392,ad7704c33d634ad7b8c5638675de8bde,298.15,101.325,Liquid,2,O,Solvent,1.0,,ClC(Cl)C(Cl)Cl,Solute,,1,-9.91608,0.4184,10.1007/s10822-012-9568-8
393,0616c8ce990943ecbe8fa185a1c0cdca,298.15,101.325,Liquid,2,O,Solvent,1.0,,COc1c(O)c(OC)c(Cl)c(C=O)c1Cl,Solute,,1,-36.31712,3.17984,10.5281/zenodo.596537
394,1b9ad663009e41f3a7944e4778b4003e,298.15,101.325,Liquid,2,O,Solvent,1.0,,CC(=O)OCC(COC(C)=O)OC(C)=O,Solute,,1,-36.98656,0.8368000000000001,10.5281/zenodo.596537
395,6cd1393818ab496fb7e2386987a8306d,298.15,101.325,Liquid,2,O,Solvent,1.0,,CCCOC(=O)c1ccc(O)cc1,Solute,,1,-39.20408,0.92048,10.1007/s10822-010-9350-8
396,48f707618ff64df0863fa7e7d06337b7,298.15,101.325,Liquid,2,O,Solvent,1.0,,O=Cc1cccnc1,Solute,,1,-29.7064,2.5104,10.1021/ct050097l
397,4ad4ecacad32479c9ee1969b8ec854c1,298.15,101.325,Liquid,2,O,Solvent,1.0,,CC[C@H](C)Cl,Solute,,1,0.0,2.5104,10.1021/ct050097l
398,2f42563d0cda476b840d72967a11cc94,298.15,101.325,Liquid,2,O,Solvent,1.0,,O=c1[nH]c(=O)[nH]c(=O)[nH]1,Solute,,1,-75.56304,1.12968,10.1007/s10822-010-9350-8
399,40c2d082f99f4afa9d8324ec9a6f3080,298.15,101.325,Liquid,2,O,Solvent,1.0,,CCCCCCCCN,Solute,,1,-15.2716,2.5104,10.1021/ct050097l
400,bab5df85b47e49e8a020e99f833bc912,298.15,101.325,Liquid,2,O,Solvent,1.0,,CCCCCCI,Solute,,1,0.33472,2.5104,10.1021/ct050097l
401,f9b25124007d4360a9aa1e8e65f4c08c,298.15,101.325,Liquid,2,O,Solvent,1.0,,Nc1cccc(Cl)c1,Solute,,1,-24.350880000000004,2.5104,10.1021/ct050097l
402,f2da942d1eb5472d97723bef6a2b0c57,298.15,101.325,Liquid,2,O,Solvent,1.0,,C1CNC1,Solute,,1,-23.26304,2.5104,10.1021/ct050097l
403,39c77d43cde349ca9c883f73aedb8644,298.15,101.325,Liquid,2,O,Solvent,1.0,,CC(C)CBr,Solute,,1,-0.12552,2.5104,10.1021/ct050097l
404,cd4dc64e70f941319f9cb06263a2de29,298.15,101.325,Liquid,2,O,Solvent,1.0,,C[C@H](O)C(F)(F)F,Solute,,1,-17.405440000000002,2.5104,10.1021/ct050097l
405,94170374efee4fe6a723ef54daef367d,298.15,101.325,Liquid,2,O,Solvent,1.0,,Clc1cccc(Cl)c1-c1c(Cl)cccc1Cl,Solute,,1,-9.53952,0.50208,10.1007/s10822-012-9568-8
406,5f8fc746f598477196a275a64bc0caab,298.15,101.325,Liquid,2,O,Solvent,1.0,,CCc1ccncc1,Solute,,1,-19.79032,2.5104,10.1021/ct050097l
407,00321ee409b74a1a93b8fff76fc46232,298.15,101.325,Liquid,2,O,Solvent,1.0,,C1CCNCC1,Solute,,1,-21.38024,2.5104,10.1021/ct050097l
408,b8fcd76329484040a0eca7d5363d9969,298.15,101.325,Liquid,2,O,Solvent,1.0,,COc1ccc(C(C)=O)cc1,Solute,,1,-18.4096,2.5104,10.1021/ct050097l
409,dd54024f15a840ae96261666ce28160b,298.15,101.325,Liquid,2,O,Solvent,1.0,,COP(=O)(OC)[C@@H](O)C(Cl)(Cl)Cl,Solute,,1,-53.30416,8.07512,10.1021/jp806724u
410,fcf692ff32a7463383a819d5d5dc4d4b,298.15,101.325,Liquid,2,O,Solvent,1.0,,CCNc1nc(NC(C)(C)C)nc(SC)n1,Solute,,1,-27.94912,1.75728,10.1021/jp806724u
411,5990106e874a49be8b74bf0aa224f89f,298.15,101.325,Liquid,2,O,Solvent,1.0,,CC(=O)c1cccnc1,Solute,,1,-34.55984,2.5104,10.1021/ct050097l
412,58320f8f03494399bbb29a590acbc13e,298.15,101.325,Liquid,2,O,Solvent,1.0,,FC(F)(F)c1ccccc1C(F)(F)F,Solute,,1,4.47688,2.5104,10.1021/ct050097l
413,c3d2970f825f4d96bcb7834762084494,298.15,101.325,Liquid,2,O,Solvent,1.0,,ClC(Cl)(Cl)Cl,Solute,,1,0.33472,2.5104,10.1021/ct050097l
414,f67658c6d23e41a580a996e9ef97a7ad,298.15,101.325,Liquid,2,O,Solvent,1.0,,Clc1ccc(Cl)c(-c2ccccc2)c1,Solute,,1,-10.29264,0.4184,10.1007/s10822-012-9568-8
415,7027ccf674df46ef90a077d85472d326,298.15,101.325,Liquid,2,O,Solvent,1.0,,CN1CCCCC1,Solute,,1,-16.23392,2.5104,10.1021/ct050097l
416,b0395d5ace2846f8ac9c8ef5f7a57894,298.15,101.325,Liquid,2,O,Solvent,1.0,,c1ccc2cc3ccccc3cc2c1,Solute,,1,-16.5268,2.5104,10.1021/ct050097l
417,675bd95df4574296a6460ea51149f96d,298.15,101.325,Liquid,2,O,Solvent,1.0,,CCCC1CCCC1,Solute,,1,8.91192,2.5104,10.1021/ct050097l
418,76180b254b9744549b54857aaccae032,298.15,101.325,Liquid,2,O,Solvent,1.0,,CCCc1ccccc1,Solute,,1,-2.2175200000000004,2.5104,10.1021/ct050097l
419,d2aad2bf3bd94f35968c64a85a7d3dd7,298.15,101.325,Liquid,2,O,Solvent,1.0,,CC(C)COC(=O)C(C)C,Solute,,1,-7.07096,2.5104,10.1021/ct050097l
420,501875ad511143cfb4520615837ca4bc,298.15,101.325,Liquid,2,O,Solvent,1.0,,C1CCNC1,Solute,,1,-22.928320000000003,2.5104,10.1021/ct050097l
421,79cc51bb7ddb4e9791f02b9b2199acef,298.15,101.325,Liquid,2,O,Solvent,1.0,,C=CCl,Solute,,1,-2.46856,2.5104,10.1021/ct050097l
422,3cea08d6a4ef423e8caa086bb9cc59e0,298.15,101.325,Liquid,2,O,Solvent,1.0,,C/C=C/C=O,Solute,,1,-17.65648,2.5104,10.1021/ct050097l
423,70208f235fbb4740b73dfa90e3df1065,298.15,101.325,Liquid,2,O,Solvent,1.0,,CCOP(=O)(OCC)O/C(=C/Cl)c1ccc(Cl)cc1Cl,Solute,,1,-29.580880000000004,5.732080000000001,10.1021/jp806724u
424,a7c036be553148c4ab6b3a4fa82c2fa7,298.15,101.325,Liquid,2,O,Solvent,1.0,,CC1=CCCCC1,Solute,,1,2.8032800000000004,2.5104,10.1021/ct050097l
425,bf199004542a4cea950335ddc88b66e9,298.15,101.325,Liquid,2,O,Solvent,1.0,,CCCCC(=O)OCC,Solute,,1,-10.418160000000002,2.5104,10.1021/ct050097l
426,445eb1eb9a644d1d90f7a9102ab3cc6d,298.15,101.325,Liquid,2,O,Solvent,1.0,,CNC(=O)Oc1cccc2c1OC(C)(C)C2,Solute,,1,-40.20824,1.2552,10.1021/jp806724u
427,b75e4a0abe9f4bfa9b8230c613ca3e96,298.15,101.325,Liquid,2,O,Solvent,1.0,,CCC=O,Solute,,1,-14.351120000000002,2.5104,10.1021/ct050097l
428,7f66fd2ffcbc47448f37a6144be630a9,298.15,101.325,Liquid,2,O,Solvent,1.0,,ICI,Solute,,1,-10.418160000000002,2.5104,10.1021/ct050097l
429,fdeb91b4d1454a1fbaaec6a805ac365e,298.15,101.325,Liquid,2,O,Solvent,1.0,,Clc1ccc(-c2cc(Cl)c(Cl)c(Cl)c2Cl)c(Cl)c1Cl,Solute,,1,-18.4096,0.4184,10.1007/s10822-012-9568-8
430,c6aec834f99b42aeb2d74da5ca93717f,298.15,101.325,Liquid,2,O,Solvent,1.0,,COc1c(Cl)cc(Cl)c(OC)c1O,Solute,,1,-26.94496,1.58992,10.5281/zenodo.596537
431,acede4d080704a90ba8575a6e1dc9b5c,298.15,101.325,Liquid,2,O,Solvent,1.0,,CN,Solute,,1,-19.0372,2.5104,10.1021/ct050097l
432,795e78b080dd4ed884928db6b1924d92,298.15,101.325,Liquid,2,O,Solvent,1.0,,O=[N+]([O-])OCCO,Solute,,1,-34.22512,0.4184,10.1021/jp806724u
433,fcc35fc6e9f64beca31da716ffb036b1,298.15,101.325,Liquid,2,O,Solvent,1.0,,ClC1=C(Cl)[C@]2(Cl)[C@@H]3[C@@H]([C@H](Cl)C[C@@H]3Cl)[C@@]1(Cl)C2(Cl)Cl,Solute,,1,-14.39296,0.4184,10.1021/jp806724u
434,8fa95f93200c493a8b0be045fb300680,298.15,101.325,Liquid,2,O,Solvent,1.0,,C1COCCO1,Solute,,1,-21.17104,2.5104,10.1021/ct050097l
435,73541f9c5cb3489ba518d5528baa6597,298.15,101.325,Liquid,2,O,Solvent,1.0,,Cc1ccc(O)cc1C,Solute,,1,-27.196,2.5104,10.1021/ct050097l
436,b51bda32f54e4511964de1b4dda84bd7,298.15,101.325,Liquid,2,O,Solvent,1.0,,FC(F)(F)F,Solute,,1,13.05408,2.5104,10.1021/ct050097l
437,2700645348304a61bac869d266376193,298.15,101.325,Liquid,2,O,Solvent,1.0,,CC(=O)c1ccncc1,Solute,,1,-31.88208,2.5104,10.1021/ct050097l
438,86a0916ea44d4f73a83ed9ae2dd6325b,298.15,101.325,Liquid,2,O,Solvent,1.0,,Clc1cc(Cl)c(Cl)cc1Cl,Solute,,1,-5.606560000000001,2.5104,10.1021/ct050097l
439,d805d5ee37be4bd0935a396507c7901d,298.15,101.325,Liquid,2,O,Solvent,1.0,,CCCCCC,Solute,,1,10.37632,2.5104,10.1021/ct050097l
440,3b115f71ef37441b9f29664de93920ca,298.15,101.325,Liquid,2,O,Solvent,1.0,,FC(F)[C@@H](F)Oc1ccccc1,Solute,,1,-5.39736,2.5104,10.5281/zenodo.596537
441,840b87506f294fb2b95db8d4371f4151,298.15,101.325,Liquid,2,O,Solvent,1.0,,CC(C)OC=O,Solute,,1,-8.45168,2.5104,10.1021/ct050097l
442,8922b908329143379d99781aa9b13721,298.15,101.325,Liquid,2,O,Solvent,1.0,,CN(C)C(=O)Nc1ccccc1,Solute,,1,-38.199920000000006,8.07512,10.1021/jp806724u
443,e888c70e10c94b628e3e5594bc4bf48d,298.15,101.325,Liquid,2,O,Solvent,1.0,,CCCC[C@@H](C)CC,Solute,,1,12.426480000000002,2.5104,10.1021/ct050097l
444,697120fec3914367b556941c617363fc,298.15,101.325,Liquid,2,O,Solvent,1.0,,CCOC,Solute,,1,-8.7864,2.5104,10.1021/ct050097l
445,c8fc296f827d4f5ab09832be4e6c2477,298.15,101.325,Liquid,2,O,Solvent,1.0,,COCCN,Solute,,1,-27.4052,2.5104,10.1021/ct050097l
446,3c5bb06017554a1da8956f3c99071bbb,298.15,101.325,Liquid,2,O,Solvent,1.0,,COC(=O)CCl,Solute,,1,-16.736,2.5104,10.1139/v80-201
447,9d6ec1e3ffe04feeb5347a02c5d90de3,298.15,101.325,Liquid,2,O,Solvent,1.0,,C=C[C@@](C)(CCC=C(C)C)OC(C)=O,Solute,,1,-10.418160000000002,3.5564,10.5281/zenodo.596537
448,03aec1be42064dcc90e7c0f880efc33e,298.15,101.325,Liquid,2,O,Solvent,1.0,,CCOC(C)=O,Solute,,1,-12.30096,2.5104,10.1021/ct050097l
449,9a911d21e03543acb1874261b8c4dc42,298.15,101.325,Liquid,2,O,Solvent,1.0,,COC(=O)C1CCCCC1,Solute,,1,-13.8072,2.5104,10.1021/ct050097l
450,1b096966ddff4352a0636e2c75244e3b,298.15,101.325,Liquid,2,O,Solvent,1.0,,CC(=O)OC(C)C,Solute,,1,-11.04576,2.5104,10.1021/ct050097l
451,130390362e6045d59fae9628ac42aa86,298.15,101.325,Liquid,2,O,Solvent,1.0,,CCc1ccccn1,Solute,,1,-18.11672,2.5104,10.1021/ct050097l
452,5305966933984d8cae98f11d6d4d5019,298.15,101.325,Liquid,2,O,Solvent,1.0,,Cc1cc(C)cc(O)c1,Solute,,1,-26.23368,2.5104,10.1021/ct050097l
453,f8e16ad2159e41a3970e202e06db4f0e,298.15,101.325,Liquid,2,O,Solvent,1.0,,OC1CCCCC1,Solute,,1,-22.84464,2.5104,10.1021/ct050097l
454,4e7dc7282fd44b9ab878873c9a2aca98,298.15,101.325,Liquid,2,O,Solvent,1.0,,COC,Solute,,1,-7.99144,2.5104,10.1021/ct050097l
455,c3ae016fd8bf4943b23e15c02c3b68fd,298.15,101.325,Liquid,2,O,Solvent,1.0,,c1ccc2c(c1)ccc1ccccc12,Solute,,1,-16.23392,2.5104,10.1021/ct050097l
456,0faf421ec7294e6b8a75d5b5e65254da,298.15,101.325,Liquid,2,O,Solvent,1.0,,Oc1cccc2ccccc12,Solute,,1,-32.09128,2.5104,10.1021/ct050097l
457,4254279a281c4c0f8d3a71598c77453a,298.15,101.325,Liquid,2,O,Solvent,1.0,,CC(C)(C)Cl,Solute,,1,4.560560000000001,2.5104,10.1021/ct050097l
458,7b5ea6831e79499585ab110c819ca58f,298.15,101.325,Liquid,2,O,Solvent,1.0,,Oc1ccc(Cl)cc1,Solute,,1,-29.41352,2.5104,10.1021/ct050097l
459,dccbd2ad7bdb4e589e94a55d292fd375,298.15,101.325,Liquid,2,O,Solvent,1.0,,C=CCCl,Solute,,1,-2.38488,2.5104,10.1021/ct050097l
460,0cb1aea9468b450bbff222bf51a16cc7,298.15,101.325,Liquid,2,O,Solvent,1.0,,CCCC(C)C,Solute,,1,10.50184,2.5104,10.1021/ct050097l
461,8d4007c1c8524b9ea40a7e1ffd1e1418,298.15,101.325,Liquid,2,O,Solvent,1.0,,CCCCCN,Solute,,1,-17.11256,2.5104,10.1021/ct050097l
462,1006d08106a94acea594a7a2fbe8ff1b,298.15,101.325,Liquid,2,O,Solvent,1.0,,Brc1ccc(Br)cc1,Solute,,1,-9.6232,2.5104,10.1021/ct050097l
463,7eedf499a0244639a3e890a202a95c52,298.15,101.325,Liquid,2,O,Solvent,1.0,,CCCCCCCCl,Solute,,1,1.21336,2.5104,10.1021/ct050097l
464,c4fcbdde3a754a77b06b23dee8e37d8b,298.15,101.325,Liquid,2,O,Solvent,1.0,,CCCN(CCC)c1c([N+](=O)[O-])cc(C(F)(F)F)cc1[N+](=O)[O-],Solute,,1,-13.598,0.4184,10.1021/jp806724u
465,695eb82df5da4a26bd53c6d6508ea1af,298.15,101.325,Liquid,2,O,Solvent,1.0,,O=[N+]([O-])c1cccc(O)c1,Solute,,1,-40.25008,2.5104,10.1021/ct050097l
466,e242013a942f49eb9811b5c8ef192dec,298.15,101.325,Liquid,2,O,Solvent,1.0,,CCCCCCCN,Solute,,1,-15.85736,2.5104,10.1021/ct050097l
467,d24d8457a7ef4a4f805027e804c8dd49,298.15,101.325,Liquid,2,O,Solvent,1.0,,Oc1ccccc1F,Solute,,1,-22.13336,2.5104,10.1021/ct050097l
468,2674aeeb11364c71b7ace3e80c834cd5,298.15,101.325,Liquid,2,O,Solvent,1.0,,CCCCCC(N)=O,Solute,,1,-38.95304,2.5104,10.1021/ct050097l
469,34c728df8eb14a8d8921b5fde51b12ba,298.15,101.325,Liquid,2,O,Solvent,1.0,,CCC(O)CC,Solute,,1,-18.2004,2.5104,10.1021/ct050097l
470,64c56f4c2b2849c9aa0f3a1e57d376ed,298.15,101.325,Liquid,2,O,Solvent,1.0,,Clc1cccc2c1Oc1ccccc1O2,Solute,,1,-14.72768,0.4184,10.1007/s10822-012-9568-8
471,deff1e0f8d374aed8f43255a399cfd44,298.15,101.325,Liquid,2,O,Solvent,1.0,,NN,Solute,,1,-38.91120000000001,2.5104,10.1021/ct050097l
472,24edb635b8d545f1b794eabdc77d63b5,298.15,101.325,Liquid,2,O,Solvent,1.0,,COc1ccccc1,Solute,,1,-10.250800000000002,2.5104,10.1021/ct050097l
473,15379df7617e4e55a3124ab888847a5a,298.15,101.325,Liquid,2,O,Solvent,1.0,,Cc1cccc([N+](=O)[O-])c1,Solute,,1,-14.4348,2.5104,10.1021/ct050097l
474,17052a7288a344cf9972197fab559ae8,298.15,101.325,Liquid,2,O,Solvent,1.0,,CCOP(=S)(OCC)Oc1nc(Cl)c(Cl)cc1Cl,Solute,,1,-21.08736,0.87864,10.1021/jp806724u
475,9f78d1f68a34495b883adc79a558d61e,298.15,101.325,Liquid,2,O,Solvent,1.0,,CC(C)O,Solute,,1,-19.83216,2.5104,10.1021/ct050097l
476,38ade1f568d847d1a15f8b11b5d51399,298.15,101.325,Liquid,2,O,Solvent,1.0,,COC(OC)(OC)C(F)(F)F,Solute,,1,-3.3472000000000004,0.8368000000000001,10.1007/s10822-010-9350-8
477,924c109dc49a465ca3627b13232fcfad,298.15,101.325,Liquid,2,O,Solvent,1.0,,CC1=CC(=O)CC(C)(C)C1,Solute,,1,-21.67312,5.732080000000001,10.1021/jp806724u
478,3a2a6cfd0be04b9188a430b9bb1fbe11,298.15,101.325,Liquid,2,O,Solvent,1.0,,CCCCCCCCCC(C)=O,Solute,,1,-8.9956,2.5104,10.1021/ct050097l
479,cd136fcc32684a9faeeb2b4161b7ace4,298.15,101.325,Liquid,2,O,Solvent,1.0,,Cn1c(=O)c2c(ncn2C)n(C)c1=O,Solute,,1,-52.885760000000005,3.09616,10.1007/s10822-010-9350-8
480,14855fdf7f2e4d8d855a38b992e93e8a,298.15,101.325,Liquid,2,O,Solvent,1.0,,COC(=O)c1ccc(OC)cc1,Solute,,1,-22.30072,2.5104,10.1139/v92-210
481,df90b20f26fd4d09a0d104f116dbd1e1,298.15,101.325,Liquid,2,O,Solvent,1.0,,CN(C)C(=O)c1ccc([N+](=O)[O-])cc1,Solute,,1,-49.9988,2.5104,10.1139/v92-210
482,a6cf2676f53445f5afdc723dc1386f10,298.15,101.325,Liquid,2,O,Solvent,1.0,,CCOCCOC(C)=O,Solute,,1,-22.21704,0.4184,10.5281/zenodo.596537
483,be97429f0db44ad3bb103bd28997e39f,298.15,101.325,Liquid,2,O,Solvent,1.0,,CC(C)COC=O,Solute,,1,-9.288480000000002,2.5104,10.1021/ct050097l
484,31028d3872cc48b3bd6f4af768fa0316,298.15,101.325,Liquid,2,O,Solvent,1.0,,CCC(=O)Nc1ccc(Cl)c(Cl)c1,Solute,,1,-32.551520000000004,8.07512,10.1021/jp806724u
485,f571582c2fcb4a6ea326220a8783ddd7,298.15,101.325,Liquid,2,O,Solvent,1.0,,OCCCc1ccccc1,Solute,,1,-28.95328,2.5104,10.1021/ct050097l
486,657b8bbe48d74a5784cab0442ab4fb20,298.15,101.325,Liquid,2,O,Solvent,1.0,,CC(=O)c1ccccc1,Solute,,1,-19.16272,2.5104,10.1021/ct050097l
487,6cd4f5ca19a24836b7bb3a0de3939e49,298.15,101.325,Liquid,2,O,Solvent,1.0,,CC#N,Solute,,1,-16.23392,2.5104,10.1021/jp0264477
488,53b28e74228047cab9164b08c580b73b,298.15,101.325,Liquid,2,O,Solvent,1.0,,CCCOCCC,Solute,,1,-4.85344,2.5104,10.1021/ct050097l
489,d1b73c82409a4d5baf681ec96e96214b,298.15,101.325,Liquid,2,O,Solvent,1.0,,COc1cccc(N)c1,Solute,,1,-30.50136,2.5104,10.1021/ct050097l
490,69e3be0cce834a0a8a31d9d3ad390dc4,298.15,101.325,Liquid,2,O,Solvent,1.0,,CCCOC(C)=O,Solute,,1,-11.67336,2.5104,10.1021/ct050097l
491,4a94a60bbf794b7993c2b8edcc08b9a6,298.15,101.325,Liquid,2,O,Solvent,1.0,,BrC(Br)Br,Solute,,1,-8.91192,2.5104,10.1021/ct050097l
492,2fa6f40d69284d4fa5b67c78a3fe7e38,298.15,101.325,Liquid,2,O,Solvent,1.0,,Brc1ccccc1,Solute,,1,-6.10864,2.5104,10.1021/ct050097l
493,86e544d3de944bb0ae4eafaa3d11b053,298.15,101.325,Liquid,2,O,Solvent,1.0,,CCCCCCCC(=O)OC,Solute,,1,-8.53536,2.5104,10.1021/ct050097l
494,dc279ab8726340eabf1066ba545744f5,298.15,101.325,Liquid,2,O,Solvent,1.0,,Clc1ccccc1,Solute,,1,-4.6860800000000005,2.5104,10.1021/ct050097l
495,ac3d8eadf0004733952395bacf85354e,298.15,101.325,Liquid,2,O,Solvent,1.0,,CC[C@@H](O)C(C)C,Solute,,1,-16.23392,2.5104,10.1021/ct050097l
496,816047f470af43d0bb3c4ea890fb0047,298.15,101.325,Liquid,2,O,Solvent,1.0,,ClC=C(Cl)Cl,Solute,,1,-1.84096,2.5104,10.1021/ct050097l
497,389a05f82b614ff3a4924fc3bfa21b5d,298.15,101.325,Liquid,2,O,Solvent,1.0,,CC1=CC(=O)[C@H](C(C)C)CC1,Solute,,1,-18.86984,0.4184,10.5281/zenodo.596537
498,3f5e9d1d8a7a46639c1889424975ffd6,298.15,101.325,Liquid,2,O,Solvent,1.0,,O=Cc1cccc(O)c1,Solute,,1,-39.83168,7.9496,10.1021/ct050097l
499,d8f001c0aa35474aa7e94d3e3b7ca838,298.15,101.325,Liquid,2,O,Solvent,1.0,,CSSC,Solute,,1,-7.656720000000001,2.5104,10.1021/ct050097l
500,b0aa4df9a1444e948b97d7aaca740d7a,298.15,101.325,Liquid,2,O,Solvent,1.0,,CCCBr,Solute,,1,-2.34304,2.5104,10.1021/ct050097l
501,18ee442ea2cc4ee5ac6e82fc50a84511,298.15,101.325,Liquid,2,O,Solvent,1.0,,FC(F)(F)Br,Solute,,1,7.48936,2.5104,10.1021/ct050097l
502,2881b0b8b285457d9041b2fae76664bd,298.15,101.325,Liquid,2,O,Solvent,1.0,,c1c[nH]cn1,Solute,,1,-40.291920000000005,2.5104,10.1021/ct050097l
503,fc37a4aaa038441cbccda0fdd497675a,298.15,101.325,Liquid,2,O,Solvent,1.0,,CCOP(=S)(OCC)SCSP(=S)(OCC)OCC,Solute,,1,-25.5224,5.732080000000001,10.1021/jp806724u
504,f1b60ecfbaee42e6b4e6bc57f72de006,298.15,101.325,Liquid,2,O,Solvent,1.0,,CCC(=O)O,Solute,,1,-27.02864,2.5104,10.1021/ct050097l
505,4846543b1c3c4b578ea8f6c7753eb00f,298.15,101.325,Liquid,2,O,Solvent,1.0,,ClCCBr,Solute,,1,-8.1588,2.5104,10.1021/ct050097l
506,b47325c447964f15903256d7bc45715b,298.15,101.325,Liquid,2,O,Solvent,1.0,,CC(C)(C)Br,Solute,,1,3.51456,2.5104,10.1021/ct050097l
507,30bc4ea03863441496303512dd08a451,298.15,101.325,Liquid,2,O,Solvent,1.0,,CNc1ccccc1,Solute,,1,-19.622960000000003,2.5104,10.1021/ct050097l
508,8b13e53df0bf4399a77fa69f149d1fb9,298.15,101.325,Liquid,2,O,Solvent,1.0,,CC=C(C)C,Solute,,1,5.48104,2.5104,10.1021/jp0264477
509,a21e5827fe0f47d8a553faeee09f56ac,298.15,101.325,Liquid,2,O,Solvent,1.0,,O=c1[nH]cc(C(F)(F)F)c(=O)[nH]1,Solute,,1,-64.68464,0.66944,10.1007/s10822-010-9350-8
510,1f04e0b887224e3c88e7bdd879d68f1c,298.15,101.325,Liquid,2,O,Solvent,1.0,,Clc1ccc(Cl)c(Cl)c1,Solute,,1,-4.6860800000000005,2.5104,10.1021/ct050097l
511,f62ba91731074252956e5d0105324626,298.15,101.325,Liquid,2,O,Solvent,1.0,,CCCCN(CC)c1c([N+](=O)[O-])cc(C(F)(F)F)cc1[N+](=O)[O-],Solute,,1,-14.68584,8.07512,10.1021/jp806724u
512,368dd1788c17406bb63c5cdd56ff5e16,298.15,101.325,Liquid,2,O,Solvent,1.0,,CCCCCCC=O,Solute,,1,-11.17128,2.5104,10.1021/ct050097l
513,cfe006f08ee54ae0aa295e0e45ca8394,298.15,101.325,Liquid,2,O,Solvent,1.0,,CCCCNCCCC,Solute,,1,-13.556160000000002,2.5104,10.1021/ct050097l
514,e1522c7ccfb5450992ebdb950f6a42d5,298.15,101.325,Liquid,2,O,Solvent,1.0,,CC[C@H](C)O[N+](=O)[O-],Solute,,1,-7.61488,0.4184,10.1021/jp806724u
515,e76fecb6a8c5439f8ddd97e932ac04a9,298.15,101.325,Liquid,2,O,Solvent,1.0,,CC(C)(C)c1ccccc1,Solute,,1,-1.84096,2.5104,10.1021/ct050097l
516,0b873b5b7731491789229beaacb5a6c6,298.15,101.325,Liquid,2,O,Solvent,1.0,,CCCCOC(=O)c1ccc(O)cc1,Solute,,1,-36.484480000000005,1.12968,10.1007/s10822-010-9350-8
517,b250bc2fcf634d66a11b20e67d552152,298.15,101.325,Liquid,2,O,Solvent,1.0,,CCCCOC[C@H](C)O,Solute,,1,-23.97432,0.6276,10.5281/zenodo.596537
518,303f5ae82bb1413199439856a184c1bf,298.15,101.325,Liquid,2,O,Solvent,1.0,,CCOC(=O)CC,Solute,,1,-11.213120000000002,2.5104,10.1021/ct050097l
519,a585dcc53eab405683dd1ec9c9f894e7,298.15,101.325,Liquid,2,O,Solvent,1.0,,CCC[C@@H](O)CC,Solute,,1,-16.98704,2.5104,10.1021/ct050097l
520,74e856bfb90b4d0f954417bc52c4ed55,298.15,101.325,Liquid,2,O,Solvent,1.0,,CC[C@@H](C)CO,Solute,,1,-18.49328,2.5104,10.1021/ct050097l
521,b884942d25a846dd993238b053acf0d7,298.15,101.325,Liquid,2,O,Solvent,1.0,,O=Cc1ccc(O)cc1,Solute,,1,-36.94472,2.5104,10.1021/ct050097l
522,959a7705c16444209775b916f1fa68a8,298.15,101.325,Liquid,2,O,Solvent,1.0,,C1CCCC1,Solute,,1,5.0208,2.5104,10.1021/ct050097l
523,ee511514baf24a44b3a3f89d38d3eab0,298.15,101.325,Liquid,2,O,Solvent,1.0,,CN(C)C=O,Solute,,1,-32.67704,2.5104,10.1021/ct050097l
524,f5e119ef7a70406181108cec72bf6438,298.15,101.325,Liquid,2,O,Solvent,1.0,,CC(N)=O,Solute,,1,-40.62664,2.5104,10.1021/ct050097l
525,1ba70a19a7634417b6db509e507f2f30,298.15,101.325,Liquid,2,O,Solvent,1.0,,Nc1cccc2c1C(=O)c1ccccc1C2=O,Solute,,1,-39.49696,3.09616,10.5281/zenodo.596537
526,578f9179ba6042ca812f43e3387afee3,298.15,101.325,Liquid,2,O,Solvent,1.0,,Oc1cccc(Cl)c1,Solute,,1,-27.69808,2.5104,10.1021/ct050097l
527,f4e05ca3c801453ca4bb641f0d153c49,298.15,101.325,Liquid,2,O,Solvent,1.0,,ClC1=C(Cl)[C@]2(Cl)[C@H]3[C@H]4C[C@H]([C@@H]5O[C@H]45)[C@H]3[C@@]1(Cl)C2(Cl)Cl,Solute,,1,-20.166880000000003,0.4184,10.1021/jp806724u
528,7d3ac86cbeb842f2bd8b8b810aed411f,298.15,101.325,Liquid,2,O,Solvent,1.0,,C=CCO,Solute,,1,-21.045520000000003,2.5104,10.1021/ct050097l
529,105c3b2fe74142e39efdb0810d0f2a2e,298.15,101.325,Liquid,2,O,Solvent,1.0,,CCc1cccc(CC)c1N(COC)C(=O)CCl,Solute,,1,-34.350640000000006,1.21336,10.1021/jp806724u
530,7ed16523dc9e48968293e1de485b8589,298.15,101.325,Liquid,2,O,Solvent,1.0,,CCc1ccccc1,Solute,,1,-3.3053600000000003,2.5104,10.1021/ct050097l
531,9d6185a2e3b94a6d85dd9b8cb016d65c,298.15,101.325,Liquid,2,O,Solvent,1.0,,CC(C)=CCC/C(C)=C/CO,Solute,,1,-18.6188,1.00416,10.5281/zenodo.596537
532,f031a8e9b2b948e58b5309fb588f46ef,298.15,101.325,Liquid,2,O,Solvent,1.0,,FC(F)(F)CCl,Solute,,1,0.25104,2.5104,10.1021/ct050097l
533,21e089d6b3d343549b748209edac002f,298.15,101.325,Liquid,2,O,Solvent,1.0,,CCNc1nc(Cl)nc(NCC)n1,Solute,,1,-42.76048,0.4184,10.1021/jp806724u
534,fca9fccb41ea4c3197408151caf48492,298.15,101.325,Liquid,2,O,Solvent,1.0,,CCCC(=O)O,Solute,,1,-26.5684,2.5104,10.1021/ct050097l
535,e0d64832d7df43199a3db369aa7a5114,298.15,101.325,Liquid,2,O,Solvent,1.0,,Clc1cc(-c2c(Cl)cc(Cl)c(Cl)c2Cl)c(Cl)c(Cl)c1Cl,Solute,,1,-19.28824,1.046,10.1007/s10822-012-9568-8
536,d98933a06b09492790524481fc9811cb,298.15,101.325,Liquid,2,O,Solvent,1.0,,CCCC#N,Solute,,1,-15.22976,2.5104,10.1021/ct050097l
537,62c1a72652b14b5aa151bde41ad25a61,298.15,101.325,Liquid,2,O,Solvent,1.0,,C#CC,Solute,,1,-2.00832,2.5104,10.1021/ct050097l
538,8b704716250f4aea917241258359bbbe,298.15,101.325,Liquid,2,O,Solvent,1.0,,Clc1ccc(-c2c(Cl)c(Cl)cc(Cl)c2Cl)cc1Cl,Solute,,1,-18.32592,0.92048,10.1007/s10822-012-9568-8
539,0d9801317d8b498f9f3c7ef403604e03,298.15,101.325,Liquid,2,O,Solvent,1.0,,FC(F)Cl,Solute,,1,-2.092,2.5104,10.1021/ct050097l
540,ef3a277206804b5bb15b6e788663953d,298.15,101.325,Liquid,2,O,Solvent,1.0,,CC[N+](=O)[O-],Solute,,1,-15.52264,2.5104,10.1021/ct050097l
541,b59ae535d743489c9786260a8cadd741,298.15,101.325,Liquid,2,O,Solvent,1.0,,CC(C)[C@@H]1CC[C@@H](C)C[C@H]1O,Solute,,1,-13.388800000000002,1.17152,10.5281/zenodo.596537
542,929aba3bd6b44e1597260eed064b8710,298.15,101.325,Liquid,2,O,Solvent,1.0,,CC(=O)CC(C)C,Solute,,1,-12.7612,2.5104,10.1021/ct050097l
543,28d45ca0f0fe42b18ee87ef557bb99a5,298.15,101.325,Liquid,2,O,Solvent,1.0,,CCNCC,Solute,,1,-17.02888,2.5104,10.1021/ct050097l
544,71160499252b4b948c335e24bad5a6db,298.15,101.325,Liquid,2,O,Solvent,1.0,,CCC(N)=O,Solute,,1,-39.329600000000006,0.8368000000000001,10.1039/P29900000291
545,2d510c7af5884877ba7b8fdea54b8c47,298.15,101.325,Liquid,2,O,Solvent,1.0,,CC(C)CC(C)C,Solute,,1,11.84072,2.5104,10.1021/ct050097l
546,7310a547d9704efcbfc83f5e87e2bad5,298.15,101.325,Liquid,2,O,Solvent,1.0,,CCN(CC)CC,Solute,,1,-13.47248,2.5104,10.1021/ct050097l
547,0b4dc652544e43d982b779abc7519267,298.15,101.325,Liquid,2,O,Solvent,1.0,,C/C=C/CCCC,Solute,,1,7.02912,2.5104,10.1021/ct050097l
548,a9c395ae4ef14b1080afc79f64b626d2,298.15,101.325,Liquid,2,O,Solvent,1.0,,CCCCC=O,Solute,,1,-12.67752,2.5104,10.1021/ct050097l
549,8447b7480d774671a3725b9803e56076,298.15,101.325,Liquid,2,O,Solvent,1.0,,CCCCCOC(C)=O,Solute,,1,-10.50184,2.5104,10.1021/ct050097l
550,bf86b36b51d64cbf876cfab6644a1de0,298.15,101.325,Liquid,2,O,Solvent,1.0,,C#CCCCCCC,Solute,,1,2.97064,2.5104,10.1021/ct050097l
551,ddc0e30199f240fcb95128f6971d866f,298.15,101.325,Liquid,2,O,Solvent,1.0,,CCCCCI,Solute,,1,-0.5857600000000001,2.5104,10.1021/ct050097l
552,f0a59c03c572485ea9193ba230c57be2,298.15,101.325,Liquid,2,O,Solvent,1.0,,Oc1ccc(F)cc1,Solute,,1,-25.89896,2.5104,10.1021/ct050097l
553,13f69b32e2534b019fae0fde3163b8e7,298.15,101.325,Liquid,2,O,Solvent,1.0,,CN1CCOCC1,Solute,,1,-26.44288,2.5104,10.1021/ct050097l
554,48c2792fdd3b49aea682778a220b04fb,298.15,101.325,Liquid,2,O,Solvent,1.0,,CCCC=O,Solute,,1,-13.30512,2.5104,10.1021/ct050097l
555,04955e5804634e70ac7b18329a2d181f,298.15,101.325,Liquid,2,O,Solvent,1.0,,CS(C)=O,Solute,,1,-38.82752,2.38488,10.1080/09593338709384509 + 10.1038/313384a0
556,973feaca695d4b2b8251a33181d19210,298.15,101.325,Liquid,2,O,Solvent,1.0,,CC(=O)OCC(C)C,Solute,,1,-9.87424,2.5104,10.1021/ct050097l
557,4bb6a595d5774499a95fb1d5f4f2a60c,298.15,101.325,Liquid,2,O,Solvent,1.0,,CCCCCCC,Solute,,1,11.17128,2.5104,10.1021/ct050097l
558,5fce2dd12a46461b91a9895f628429d6,298.15,101.325,Liquid,2,O,Solvent,1.0,,CC[C@@H](C)C(C)C,Solute,,1,10.54368,2.5104,10.1021/ct050097l
559,4fa2868423904774b712380e0ba27351,298.15,101.325,Liquid,2,O,Solvent,1.0,,F[C@H](Br)C(F)(F)F,Solute,,1,2.092,2.5104,10.1021/ct050097l
560,94e524628d22428a874c81ac322041fb,298.15,101.325,Liquid,2,O,Solvent,1.0,,Cc1cccc(O)c1,Solute,,1,-22.970160000000003,2.5104,10.1021/ct050097l
561,7a3bd767bc4a4c80a2f74241f5a4e1ee,298.15,101.325,Liquid,2,O,Solvent,1.0,,CC(C)NC(C)C,Solute,,1,-13.47248,2.5104,10.1021/ct050097l
562,22943f7af7cb41fbba35561ff7381dcc,298.15,101.325,Liquid,2,O,Solvent,1.0,,CCCSC(=O)N(CCC)CCC,Solute,,1,-17.27992,5.690240000000001,10.1021/jp806724u
563,19479e8ed5fa47738871f0a1b68631c8,298.15,101.325,Liquid,2,O,Solvent,1.0,,Nc1ccc(Cl)cc1,Solute,,1,-24.6856,2.5104,10.1021/ct050097l
564,0290bf83a86e49c28598203d91393caf,298.15,101.325,Liquid,2,O,Solvent,1.0,,CC(=O)C(C)C,Solute,,1,-13.556160000000002,2.5104,10.1021/ct050097l
565,d7c8c64d874647c4a3bb81184f5073de,298.15,101.325,Liquid,2,O,Solvent,1.0,,Cc1cccnc1C,Solute,,1,-20.166880000000003,2.5104,10.1021/ct050097l
566,1f662e67152a417c91373e601d67e897,298.15,101.325,Liquid,2,O,Solvent,1.0,,CCCOC=O,Solute,,1,-10.37632,2.5104,10.1021/ct050097l
567,3237162e760f4c209c6f46430cc36c44,298.15,101.325,Liquid,2,O,Solvent,1.0,,N#Cc1cccnc1,Solute,,1,-28.242,2.5104,10.1021/ct050097l
568,32e9217ac7c140d5b8e9ffdea3922203,298.15,101.325,Liquid,2,O,Solvent,1.0,,C=CC(=C)C,Solute,,1,2.8451200000000005,2.5104,10.1021/ct050097l
569,d5ac3cc5584e4e75bd35490ec59fcc24,298.15,101.325,Liquid,2,O,Solvent,1.0,,CCCCI,Solute,,1,-1.046,2.5104,10.1021/ct050097l
570,80f6662db85c45e5a0f78eec7a24430c,298.15,101.325,Liquid,2,O,Solvent,1.0,,C[C@H]1CC[C@H](C)O1,Solute,,1,-12.21728,2.5104,10.1021/ct050097l
571,e17f6fcfc72146bc806583c25111cc80,298.15,101.325,Liquid,2,O,Solvent,1.0,,Oc1ccccc1I,Solute,,1,-25.940800000000003,2.5104,10.1021/ct050097l
572,008ba6de10ee4a968063706344d91ec3,298.15,101.325,Liquid,2,O,Solvent,1.0,,COC(CC#N)(OC)OC,Solute,,1,-26.777600000000003,2.5104,10.1139/v80-201
573,8138d02531cf4be5af62549f4648443e,298.15,101.325,Liquid,2,O,Solvent,1.0,,O=Cc1ccncc1,Solute,,1,-29.288,2.5104,10.1021/ct050097l
574,031b06a3d06e4d6cabdfbef84ade7074,298.15,101.325,Liquid,2,O,Solvent,1.0,,CCCCc1ccccc1,Solute,,1,-1.6736000000000002,2.5104,10.1021/ct050097l
575,beb362494a1547a98f6ae4cba79acded,298.15,101.325,Liquid,2,O,Solvent,1.0,,FC(F)(F)c1ccccc1,Solute,,1,-1.046,2.5104,10.1039/P29940001777
576,e0e089f0f62342628d4ea473f69bbfe8,298.15,101.325,Liquid,2,O,Solvent,1.0,,Clc1ccc(Cl)c(-c2cc(Cl)c(Cl)c(Cl)c2)c1,Solute,,1,-15.10424,0.5439200000000001,10.1007/s10822-012-9568-8
577,f3ad1c6f72a247a1ad0e061f7fe8dc61,298.15,101.325,Liquid,2,O,Solvent,1.0,,Clc1cc(Cl)c2c(c1Cl)Oc1ccccc1O2,Solute,,1,-16.9452,0.4184,10.1007/s10822-012-9568-8
578,e911b437b17a4ffdb753e33948225a47,298.15,101.325,Liquid,2,O,Solvent,1.0,,Cc1ccnc(C)c1,Solute,,1,-20.33424,2.5104,10.1021/ct050097l
579,4936f7cecfd545a4a282be174da99db4,298.15,101.325,Liquid,2,O,Solvent,1.0,,C1CCOC1,Solute,,1,-14.518480000000002,2.5104,10.1021/ct050097l
580,18f94be916294fa684f26c0c75df67a4,298.15,101.325,Liquid,2,O,Solvent,1.0,,Cc1ccccc1C=O,Solute,,1,-16.44312,0.4184,10.5281/zenodo.596537
581,3c636c82b1854ca88261770ff05576cb,298.15,101.325,Liquid,2,O,Solvent,1.0,,C1=CCCC1,Solute,,1,2.34304,2.5104,10.1021/ct050097l
582,f2a1864ed71d40ef9b722681c96fa750,298.15,101.325,Liquid,2,O,Solvent,1.0,,OC1CCCC1,Solute,,1,-22.970160000000003,2.5104,10.1021/ct050097l
583,e1c75b0109a14f28a8d7125c4cc10356,298.15,101.325,Liquid,2,O,Solvent,1.0,,CCOC(=O)C[C@@H](SP(=S)(OC)OC)C(=O)OCC,Solute,,1,-34.0996,0.87864,10.1021/jp806724u
584,166e0ef237fd47c7ae3d9df5a49aae53,298.15,101.325,Liquid,2,O,Solvent,1.0,,Cc1cnccn1,Solute,,1,-23.05384,2.5104,10.1021/ct050097l
585,6df5af4eef19427b92ac112aaf51540a,298.15,101.325,Liquid,2,O,Solvent,1.0,,CBr,Solute,,1,-3.43088,2.5104,10.1021/ct050097l
586,e290ddc8e48e45989953c3097a1323f4,298.15,101.325,Liquid,2,O,Solvent,1.0,,C=C(C)C(=C)C,Solute,,1,1.6736000000000002,2.5104,10.1021/ct050097l
587,80586df82787485889747bb20e8d1adf,298.15,101.325,Liquid,2,O,Solvent,1.0,,CNC(=O)Oc1cccc2ccccc12,Solute,,1,-39.5388,0.4184,10.1021/jp806724u
588,8c4e36fb1df3488facd6009eeb8bb2cb,298.15,101.325,Liquid,2,O,Solvent,1.0,,CCCCCCCCBr,Solute,,1,2.1756800000000003,2.5104,10.1021/ct050097l
589,10186495391c4abcafed36b254de3617,298.15,101.325,Liquid,2,O,Solvent,1.0,,COC(=O)C(F)(F)F,Solute,,1,-4.6024,2.5104,10.1139/v76-032
590,d4bc3695132a45ff993638a2a561933c,298.15,101.325,Liquid,2,O,Solvent,1.0,,CCCCO[N+](=O)[O-],Solute,,1,-8.74456,0.4184,10.1021/jp806724u
591,2e833bd41f1e453499c0a0b59db3b793,298.15,101.325,Liquid,2,O,Solvent,1.0,,CF,Solute,,1,-0.92048,2.5104,10.1021/ct050097l
592,5a2f9e371b9942899c1a548c646976c4,298.15,101.325,Liquid,2,O,Solvent,1.0,,C,Solute,,1,8.368,0.8368000000000001,10.1039/P29900000291
593,5dfb1b42aff741cc9456dace49d1771b,298.15,101.325,Liquid,2,O,Solvent,1.0,,CSC,Solute,,1,-6.73624,2.5104,10.1021/ct050097l
594,bf88c56bb1774ce191a1d7f81bdc98e0,298.15,101.325,Liquid,2,O,Solvent,1.0,,CC1CCCCC1,Solute,,1,7.1128,2.5104,10.1021/ct050097l
595,6701f30e0cf04db7b7cbb59f3d6cef92,298.15,101.325,Liquid,2,O,Solvent,1.0,,C/C=C\CC,Solute,,1,5.48104,2.5104,10.1021/ct050097l
596,c90ecf9b8f524b8b99826bca146559d8,298.15,101.325,Liquid,2,O,Solvent,1.0,,COC(=O)CC#N,Solute,,1,-28.11648,2.5104,10.1139/v80-201
597,53d890c5e444419da73c75a6c3e20413,298.15,101.325,Liquid,2,O,Solvent,1.0,,C#CCC,Solute,,1,-0.66944,2.5104,10.1021/ct050097l
598,ce63f2785a92423cac9e56423c46a616,298.15,101.325,Liquid,2,O,Solvent,1.0,,CC1CCC(C)CC1,Solute,,1,8.82824,2.5104,10.1021/ct050097l
599,9107ca63b06b4deeb905538359dbe441,298.15,101.325,Liquid,2,O,Solvent,1.0,,CCCN,Solute,,1,-18.36776,2.5104,10.1021/ct050097l
600,dacc40da96aa4b4287d0f910b78a2186,298.15,101.325,Liquid,2,O,Solvent,1.0,,C=CCCCCCC,Solute,,1,8.03328,2.5104,10.1021/ct050097l
601,1aee306d1e534c5c9c297ec7870b8259,298.15,101.325,Liquid,2,O,Solvent,1.0,,COS(C)(=O)=O,Solute,,1,-20.37608,2.5104,10.1139/v98-084
602,9ebe0f0514324b679f6ca4b0008e47f5,298.15,101.325,Liquid,2,O,Solvent,1.0,,CN(C)C,Solute,,1,-13.388800000000002,2.5104,10.1021/ct050097l
603,df9fc89e96384b30b50ff3cf2286bf96,298.15,101.325,Liquid,2,O,Solvent,1.0,,C=CCC=C,Solute,,1,3.89112,2.5104,10.1021/ct050097l
604,7a92ad196cd74fa8afc840b88dedadbb,298.15,101.325,Liquid,2,O,Solvent,1.0,,BrCBr,Solute,,1,-8.20064,2.5104,10.1021/ct050097l
605,8d7f5e4ec62e4523a3001a6b31bca2e0,298.15,101.325,Liquid,2,O,Solvent,1.0,,Oc1ccc(Cl)c(Cl)c1,Solute,,1,-30.50136,0.4184,10.5281/zenodo.596537
606,9944e2274d93412087d8fe6ed9acb83d,298.15,101.325,Liquid,2,O,Solvent,1.0,,CCOP(=S)(OCC)Oc1ccc([N+](=O)[O-])cc1,Solute,,1,-28.20016,0.4184,10.1021/jp806724u
607,9e60fcb857eb4a0c930e6f05a6cce6c5,298.15,101.325,Liquid,2,O,Solvent,1.0,,CCCCCCBr,Solute,,1,0.75312,2.5104,10.1021/ct050097l
608,25b06084c099458f87b5976efaed6eb5,298.15,101.325,Liquid,2,O,Solvent,1.0,,CCCCCCC(C)=O,Solute,,1,-12.04992,2.5104,10.1021/ct050097l
609,09e0a8c979724777850afca28698766b,298.15,101.325,Liquid,2,O,Solvent,1.0,,Cc1cccc2ccccc12,Solute,,1,-10.20896,2.5104,10.1021/ct050097l
610,ad928bfe0aaa40bc8ff410c0ed74db78,298.15,101.325,Liquid,2,O,Solvent,1.0,,CC(C)Br,Solute,,1,-2.00832,2.5104,10.1021/ct050097l
611,c29e6e59c2bd46a6b3cbe1d4e59adefc,298.15,101.325,Liquid,2,O,Solvent,1.0,,CCOP(=S)(OCC)SCSCC,Solute,,1,-18.28408,0.4184,10.1021/jp806724u
612,48a3b1554cbe464da93ccf64a0289d57,298.15,101.325,Liquid,2,O,Solvent,1.0,,Cc1ccccc1C,Solute,,1,-3.7656,2.5104,10.1021/ct050097l
613,3e813d2b78e9424da3ea48bba5c6d0d8,298.15,101.325,Liquid,2,O,Solvent,1.0,,Cc1ccc(C)nc1,Solute,,1,-19.74848,2.5104,10.1021/ct050097l
614,608876fcf976451cbb2024fe925cdbe6,298.15,101.325,Liquid,2,O,Solvent,1.0,,Clc1cc(-c2ccccc2)c(Cl)c(Cl)c1Cl,Solute,,1,-14.56032,4.184,10.1007/s10822-012-9568-8
615,8e00036de10e426ea14d32c5c5248c7c,298.15,101.325,Liquid,2,O,Solvent,1.0,,C1CNCCN1,Solute,,1,-30.961600000000004,2.5104,10.1021/ct050097l
616,7f0e491d8c994c6a890957af05e89be1,298.15,101.325,Liquid,2,O,Solvent,1.0,,OC[C@H]1O[C@@H](O)[C@H](O)[C@@H](O)[C@@H]1O,Solute,,1,-106.56648,0.92048,10.1007/s10822-010-9350-8
617,38bcd78418c94c52a535c1cbf9598c28,298.15,101.325,Liquid,2,O,Solvent,1.0,,O=c1[nH]cc(Cl)c(=O)[nH]1,Solute,,1,-74.22416,3.26352,10.1007/s10822-010-9350-8
618,d20b5168b7db4f50a851220812d40615,298.15,101.325,Liquid,2,O,Solvent,1.0,,c1ccc2c(c1)Cc1ccccc1-2,Solute,,1,-14.0164,2.5104,10.1021/ct050097l
619,2e9e9180ddbb4409b7c73a6542873799,298.15,101.325,Liquid,2,O,Solvent,1.0,,O=S1OCC2C(CO1)C1(Cl)C(Cl)=C(Cl)C2(Cl)C1(Cl)Cl,Solute,,1,-17.698320000000002,1.08784,10.1021/jp806724u
620,e7923d8c9acc48dba0a065239dc736dd,298.15,101.325,Liquid,2,O,Solvent,1.0,,CCCCCCCCC(C)=O,Solute,,1,-9.79056,2.5104,10.1021/ct050097l
621,659c29a0d2c34d0c978c6a2788be2ac2,298.15,101.325,Liquid,2,O,Solvent,1.0,,ClCCCCl,Solute,,1,-7.90776,2.5104,10.1021/ct050097l
622,1b8b48e891f6449bbd1a4efe35d6288f,298.15,101.325,Liquid,2,O,Solvent,1.0,,CCOCCO,Solute,,1,-27.99096,2.5104,10.1021/ct050097l
623,ca0b3de176a6467caa1a2480c96e0094,298.15,101.325,Liquid,2,O,Solvent,1.0,,C=C(C)[C@@H]1CC=C(C)[C@@H](O)C1,Solute,,1,-18.576960000000003,1.79912,10.5281/zenodo.596537
624,261f88c16e8443808599997f4625b16b,298.15,101.325,Liquid,2,O,Solvent,1.0,,CC(C)[N+](=O)[O-],Solute,,1,-13.09592,2.5104,10.1021/ct050097l
625,249f8be0007b47ab9eead61cb6b849d3,298.15,101.325,Liquid,2,O,Solvent,1.0,,CCC[N+](=O)[O-],Solute,,1,-13.97456,2.5104,10.1021/ct050097l
626,c2ed25afb54a41d38805cef4c47c4119,298.15,101.325,Liquid,2,O,Solvent,1.0,,Cc1cccs1,Solute,,1,-5.77392,2.5104,10.1021/ct050097l
627,d062730bfe9c4f0b91de37598e0f9426,298.15,101.325,Liquid,2,O,Solvent,1.0,,Clc1ccccc1-c1ccccc1,Solute,,1,-11.25496,0.4184,10.1007/s10822-012-9568-8
628,4b0e49fafdfe4acbb424130697825f82,298.15,101.325,Liquid,2,O,Solvent,1.0,,C1=CC=CCC=C1,Solute,,1,-4.1421600000000005,2.5104,10.1021/ct050097l
629,c1ed501e13214c9ea9caef1134a62d39,298.15,101.325,Liquid,2,O,Solvent,1.0,,CCCCN,Solute,,1,-17.740160000000003,2.5104,10.1021/ct050097l
630,b8a0f6a563ee41348260bc1f7424fb1f,298.15,101.325,Liquid,2,O,Solvent,1.0,,N#Cc1c(Cl)cccc1Cl,Solute,,1,-19.70664,8.07512,10.1021/jp806724u
631,87f079a5733d449b8290ef84d01f822b,298.15,101.325,Liquid,2,O,Solvent,1.0,,C[C@@H](CCO[N+](=O)[O-])O[N+](=O)[O-],Solute,,1,-17.949360000000002,1.63176,10.5281/zenodo.596537
632,d8aa73314c164623b0f51fe337c96d9f,298.15,101.325,Liquid,2,O,Solvent,1.0,,COC(C)(C)C,Solute,,1,-9.24664,2.5104,10.1139/v91-2
633,11615a117e6044b6b39eed42edb2be72,298.15,101.325,Liquid,2,O,Solvent,1.0,,Clc1c(Cl)c(Cl)c2c(c1Cl)Oc1c(Cl)c(Cl)c(Cl)c(Cl)c1O2,Solute,,1,-18.95352,4.184,10.1007/s10822-012-9568-8
634,045dc923238d4d6ab0af4ef5b930cafd,298.15,101.325,Liquid,2,O,Solvent,1.0,,CCC(C)(C)O,Solute,,1,-18.53512,2.5104,10.1021/ct050097l
635,b1d2f2bda7ed4afaa5144ed2010df20b,298.15,101.325,Liquid,2,O,Solvent,1.0,,CCC[C@H](C)CC,Solute,,1,11.33864,2.5104,10.1021/ct050097l
636,32ca43b890e14756b4cb24c17f67d35b,298.15,101.325,Liquid,2,O,Solvent,1.0,,CC(C)=CCC/C(C)=C\CO,Solute,,1,-19.99952,1.046,10.5281/zenodo.596537
637,0821476bf69143c4bd07f6e0d7f8e584,298.15,101.325,Liquid,2,O,Solvent,1.0,,Cl/C=C/Cl,Solute,,1,-3.26352,2.5104,10.1021/ct050097l
638,2e03601fd70142dd8092cc1eceb17b83,298.15,101.325,Liquid,2,O,Solvent,1.0,,CCc1ccc(C)cc1,Solute,,1,-3.9748,2.5104,10.1021/ct050097l
639,4ceca25966d64d3c88b9380829e7fa86,298.15,101.325,Liquid,2,O,Solvent,1.0,,CCBr,Solute,,1,-3.09616,2.5104,10.1021/ct050097l
640,bca16f5d94f54cf987903bcec2f9662b,298.15,101.325,Liquid,2,O,Solvent,1.0,,CC(C)SC(C)C,Solute,,1,-5.06264,2.5104,10.1021/ct050097l
641,48aae6d8e89b43d89380a28682d0a7f3,298.15,101.325,Liquid,2,O,Solvent,1.0,,C[C@@H](O)C(F)(F)F,Solute,,1,-17.5728,0.8368000000000001,10.1039/P29900000291
